: , PythonTruncatedBzip2Test::testTruncatedData , PythonTruncatedBzip2Test::testPartialReadTruncatedData , BZip2CompressorInputStream_ESTest::test0 , BZip2CompressorInputStream_ESTest::test1 , BZip2CompressorInputStream_ESTest::test2 , BZip2CompressorInputStream_ESTest::test3 , BZip2CompressorInputStream_ESTest::test4 , BZip2CompressorInputStream_ESTest::test5 , BZip2CompressorInputStream_ESTest::test6 , BZip2CompressorInputStream_ESTest::test7 , RegressionTest0::test01 , RegressionTest0::test02 , RegressionTest0::test03 , RegressionTest0::test04 , RegressionTest0::test05 , RegressionTest0::test06 , RegressionTest0::test07 , RegressionTest0::test08 , RegressionTest0::test09 , RegressionTest0::test10 , RegressionTest0::test11 , RegressionTest0::test12 , RegressionTest0::test13 , RegressionTest0::test14 , RegressionTest0::test15 , RegressionTest0::test16 , RegressionTest0::test17 , RegressionTest0::test18 , RegressionTest0::test19 , RegressionTest0::test20 , RegressionTest0::test21 , RegressionTest0::test22 , RegressionTest0::test23 , RegressionTest0::test24 , RegressionTest0::test25 , RegressionTest0::test26 , RegressionTest0::test27 , RegressionTest0::test28 , RegressionTest0::test29 , RegressionTest0::test30 , RegressionTest0::test31 , RegressionTest0::test32 , RegressionTest0::test33 , RegressionTest0::test34 , RegressionTest0::test35 , RegressionTest0::test36 , RegressionTest0::test37 , RegressionTest0::test38 , RegressionTest0::test39 , RegressionTest0::test40 , RegressionTest0::test41 , RegressionTest0::test42 , RegressionTest0::test43 , RegressionTest0::test44 , RegressionTest0::test45 , RegressionTest0::test46 , RegressionTest0::test47 , RegressionTest0::test48 , RegressionTest0::test49 , RegressionTest0::test50 , RegressionTest0::test51 , RegressionTest0::test52 , RegressionTest0::test53 , RegressionTest0::test54 , RegressionTest0::test55 , RegressionTest0::test56 , RegressionTest0::test57 , RegressionTest0::test58 , RegressionTest0::test59 , RegressionTest0::test60 , RegressionTest0::test61 , RegressionTest0::test62 , RegressionTest0::test63 , RegressionTest0::test64 , RegressionTest0::test65 , RegressionTest0::test66 , RegressionTest0::test67 , RegressionTest0::test68 , RegressionTest0::test69 , RegressionTest0::test70 , RegressionTest0::test71 , 
PythonTruncatedBzip2Test::testTruncatedData , 0 , 445 , 227 , 330 , 386 , 439 , 112 , 126 , 147 , 333 , 343 , 706 , 329 , 345 , 332 , 1559 , 1558 , 3506 , 1355 , 510 , 1559 , 1850 , 984 , 8685 , 1861 , 2232 , 721 , 3262 , 2410 , 897 , 1800 , 512 , 2030 , 2231 , 1751 , 511 , 7182 , 877 , 2998 , 877 , 684 , 676 , 673 , 953 , 673 , 722 , 929 , 722 , 782 , 723 , 879 , 839 , 780 , 894 , 831 , 793 , 847 , 725 , 942 , 930 , 952 , 630 , 629 , 676 , 629 , 889 , 677 , 724 , 672 , 628 , 950 , 942 , 866 , 677 , 866 , 773 , 829 , 333 , 686 , 782 , 902 , 
PythonTruncatedBzip2Test::testPartialReadTruncatedData , 445 , 0 , 384 , 363 , 356 , 374 , 500 , 499 , 474 , 378 , 313 , 542 , 301 , 313 , 313 , 1304 , 1303 , 3154 , 1074 , 413 , 1304 , 1580 , 781 , 8305 , 1588 , 1943 , 572 , 2947 , 2116 , 703 , 1542 , 414 , 1751 , 1942 , 1479 , 414 , 6790 , 645 , 2689 , 712 , 536 , 518 , 515 , 784 , 516 , 564 , 765 , 566 , 625 , 567 , 714 , 679 , 628 , 733 , 670 , 639 , 691 , 572 , 778 , 764 , 782 , 484 , 483 , 529 , 483 , 727 , 529 , 572 , 515 , 483 , 781 , 780 , 710 , 530 , 708 , 614 , 675 , 312 , 538 , 628 , 735 , 
BZip2CompressorInputStream_ESTest::test0 , 227 , 384 , 0 , 159 , 223 , 273 , 231 , 237 , 226 , 200 , 267 , 654 , 258 , 267 , 263 , 1482 , 1482 , 3384 , 1250 , 464 , 1483 , 1763 , 919 , 8566 , 1776 , 2140 , 664 , 3156 , 2316 , 836 , 1714 , 465 , 1941 , 2139 , 1667 , 463 , 7059 , 778 , 2892 , 819 , 632 , 621 , 620 , 892 , 620 , 666 , 875 , 667 , 729 , 667 , 818 , 783 , 728 , 838 , 774 , 737 , 793 , 672 , 885 , 880 , 893 , 580 , 579 , 628 , 579 , 833 , 628 , 671 , 620 , 579 , 890 , 886 , 812 , 628 , 810 , 723 , 776 , 265 , 634 , 729 , 845 , 
BZip2CompressorInputStream_ESTest::test1 , 330 , 363 , 159 , 0 , 90 , 136 , 331 , 335 , 301 , 191 , 272 , 606 , 260 , 273 , 264 , 1383 , 1383 , 3275 , 1161 , 439 , 1385 , 1663 , 833 , 8454 , 1679 , 2042 , 594 , 3056 , 2218 , 749 , 1617 , 440 , 1844 , 2040 , 1570 , 439 , 6947 , 700 , 2793 , 758 , 592 , 579 , 578 , 825 , 578 , 619 , 808 , 620 , 672 , 620 , 755 , 724 , 665 , 770 , 713 , 677 , 729 , 625 , 820 , 811 , 828 , 541 , 540 , 587 , 540 , 768 , 587 , 625 , 579 , 540 , 822 , 820 , 754 , 587 , 745 , 666 , 714 , 264 , 593 , 666 , 779 , 
BZip2CompressorInputStream_ESTest::test2 , 386 , 356 , 223 , 90 , 0 , 93 , 378 , 384 , 335 , 189 , 264 , 589 , 250 , 263 , 281 , 1368 , 1367 , 3232 , 1124 , 431 , 1368 , 1637 , 817 , 8407 , 1654 , 2014 , 578 , 3013 , 2185 , 734 , 1586 , 431 , 1820 , 2012 , 1549 , 430 , 6901 , 674 , 2753 , 735 , 573 , 567 , 565 , 793 , 566 , 600 , 780 , 601 , 658 , 601 , 733 , 696 , 650 , 748 , 693 , 658 , 703 , 603 , 790 , 787 , 798 , 528 , 527 , 575 , 527 , 741 , 575 , 602 , 566 , 527 , 789 , 795 , 732 , 575 , 730 , 648 , 688 , 280 , 573 , 650 , 746 , 
BZip2CompressorInputStream_ESTest::test3 , 439 , 374 , 273 , 136 , 93 , 0 , 437 , 445 , 382 , 211 , 270 , 581 , 259 , 270 , 292 , 1326 , 1326 , 3187 , 1093 , 427 , 1333 , 1604 , 803 , 8353 , 1622 , 1980 , 571 , 2979 , 2151 , 725 , 1559 , 428 , 1787 , 1978 , 1515 , 426 , 6850 , 644 , 2716 , 712 , 563 , 554 , 552 , 772 , 553 , 592 , 760 , 593 , 639 , 593 , 705 , 682 , 636 , 723 , 676 , 641 , 682 , 594 , 769 , 763 , 770 , 521 , 520 , 561 , 519 , 714 , 561 , 593 , 553 , 520 , 768 , 768 , 706 , 561 , 711 , 633 , 671 , 292 , 563 , 636 , 712 , 
BZip2CompressorInputStream_ESTest::test4 , 112 , 500 , 231 , 331 , 378 , 437 , 0 , 21 , 62 , 323 , 370 , 744 , 359 , 370 , 343 , 1606 , 1605 , 3558 , 1397 , 541 , 1609 , 1899 , 1028 , 8743 , 1907 , 2282 , 763 , 3312 , 2459 , 938 , 1849 , 542 , 2078 , 2281 , 1800 , 541 , 7240 , 916 , 3047 , 918 , 724 , 714 , 712 , 990 , 712 , 759 , 969 , 761 , 824 , 760 , 917 , 879 , 820 , 931 , 869 , 832 , 889 , 768 , 979 , 971 , 990 , 669 , 668 , 723 , 668 , 923 , 723 , 767 , 712 , 668 , 988 , 981 , 912 , 723 , 906 , 816 , 870 , 344 , 726 , 821 , 940 , 
BZip2CompressorInputStream_ESTest::test5 , 126 , 499 , 237 , 335 , 384 , 445 , 21 , 0 , 71 , 331 , 366 , 749 , 365 , 368 , 354 , 1615 , 1614 , 3565 , 1406 , 540 , 1615 , 1902 , 1032 , 8750 , 1916 , 2287 , 766 , 3320 , 2466 , 943 , 1855 , 541 , 2085 , 2287 , 1806 , 539 , 7247 , 924 , 3054 , 921 , 733 , 718 , 716 , 996 , 715 , 762 , 977 , 763 , 829 , 762 , 922 , 885 , 830 , 940 , 875 , 840 , 893 , 771 , 986 , 979 , 995 , 670 , 669 , 724 , 669 , 934 , 724 , 769 , 716 , 669 , 995 , 987 , 916 , 723 , 913 , 820 , 876 , 356 , 733 , 831 , 948 , 
BZip2CompressorInputStream_ESTest::test6 , 147 , 474 , 226 , 301 , 335 , 382 , 62 , 71 , 0 , 268 , 345 , 705 , 337 , 347 , 326 , 1562 , 1561 , 3507 , 1355 , 505 , 1565 , 1851 , 988 , 8690 , 1863 , 2233 , 726 , 3262 , 2412 , 899 , 1799 , 506 , 2031 , 2233 , 1753 , 504 , 7186 , 876 , 2995 , 872 , 684 , 682 , 680 , 946 , 679 , 725 , 928 , 726 , 783 , 724 , 875 , 835 , 779 , 886 , 824 , 786 , 848 , 727 , 935 , 930 , 945 , 635 , 634 , 682 , 634 , 881 , 682 , 727 , 680 , 634 , 945 , 937 , 875 , 682 , 865 , 775 , 827 , 326 , 686 , 780 , 894 , 
BZip2CompressorInputStream_ESTest::test7 , 333 , 378 , 200 , 191 , 189 , 211 , 323 , 331 , 268 , 0 , 287 , 593 , 278 , 287 , 267 , 1407 , 1407 , 3301 , 1143 , 451 , 1414 , 1691 , 862 , 8464 , 1698 , 2059 , 615 , 3064 , 2235 , 776 , 1639 , 450 , 1869 , 2059 , 1597 , 450 , 6954 , 677 , 2800 , 744 , 565 , 570 , 568 , 809 , 569 , 614 , 794 , 615 , 658 , 615 , 744 , 702 , 653 , 752 , 695 , 651 , 712 , 614 , 799 , 796 , 812 , 530 , 530 , 571 , 529 , 748 , 571 , 613 , 569 , 530 , 805 , 804 , 745 , 572 , 743 , 650 , 696 , 267 , 566 , 655 , 761 , 
RegressionTest0::test01 , 343 , 313 , 267 , 272 , 264 , 270 , 370 , 366 , 345 , 287 , 0 , 505 , 25 , 3 , 82 , 1340 , 1339 , 3243 , 1098 , 304 , 1340 , 1617 , 773 , 8424 , 1630 , 1995 , 531 , 3018 , 2169 , 690 , 1570 , 304 , 1794 , 1994 , 1523 , 304 , 6917 , 618 , 2753 , 665 , 489 , 475 , 472 , 739 , 472 , 518 , 723 , 519 , 573 , 517 , 671 , 631 , 577 , 689 , 623 , 591 , 638 , 523 , 731 , 724 , 741 , 439 , 438 , 475 , 437 , 683 , 475 , 521 , 473 , 438 , 739 , 733 , 666 , 474 , 662 , 567 , 629 , 82 , 490 , 575 , 692 , 
RegressionTest0::test02 , 706 , 542 , 654 , 606 , 589 , 581 , 744 , 749 , 705 , 593 , 505 , 0 , 509 , 505 , 504 , 994 , 993 , 2884 , 702 , 250 , 994 , 1242 , 377 , 8026 , 1260 , 1614 , 216 , 2648 , 1792 , 372 , 1261 , 251 , 1427 , 1614 , 1207 , 249 , 6536 , 267 , 2395 , 335 , 151 , 129 , 126 , 418 , 127 , 165 , 394 , 165 , 243 , 165 , 336 , 297 , 247 , 351 , 289 , 226 , 308 , 175 , 403 , 396 , 417 , 126 , 125 , 107 , 126 , 347 , 107 , 175 , 126 , 125 , 415 , 408 , 328 , 108 , 326 , 237 , 291 , 504 , 150 , 248 , 334 , 
RegressionTest0::test03 , 329 , 301 , 258 , 260 , 250 , 259 , 359 , 365 , 337 , 278 , 25 , 509 , 0 , 25 , 70 , 1349 , 1348 , 3253 , 1108 , 304 , 1350 , 1629 , 782 , 8436 , 1639 , 2009 , 532 , 3026 , 2181 , 697 , 1581 , 305 , 1803 , 2008 , 1532 , 304 , 6928 , 633 , 2764 , 677 , 490 , 484 , 482 , 749 , 482 , 528 , 733 , 529 , 583 , 529 , 678 , 638 , 582 , 693 , 626 , 595 , 649 , 533 , 743 , 732 , 752 , 437 , 436 , 487 , 436 , 687 , 487 , 533 , 482 , 436 , 748 , 745 , 675 , 488 , 672 , 575 , 637 , 72 , 490 , 583 , 703 , 
RegressionTest0::test04 , 345 , 313 , 267 , 273 , 263 , 270 , 370 , 368 , 347 , 287 , 3 , 505 , 25 , 0 , 81 , 1338 , 1339 , 3243 , 1098 , 304 , 1339 , 1619 , 773 , 8424 , 1630 , 1995 , 530 , 3018 , 2169 , 690 , 1570 , 305 , 1794 , 1994 , 1522 , 304 , 6916 , 619 , 2753 , 665 , 488 , 473 , 471 , 739 , 472 , 517 , 724 , 518 , 574 , 518 , 671 , 630 , 576 , 689 , 623 , 589 , 638 , 521 , 731 , 722 , 742 , 438 , 437 , 474 , 437 , 683 , 474 , 521 , 472 , 437 , 738 , 734 , 667 , 475 , 664 , 567 , 629 , 83 , 491 , 577 , 692 , 
RegressionTest0::test05 , 332 , 313 , 263 , 264 , 281 , 292 , 343 , 354 , 326 , 267 , 82 , 504 , 70 , 81 , 0 , 1339 , 1339 , 3246 , 1106 , 299 , 1343 , 1628 , 781 , 8437 , 1635 , 2004 , 527 , 3024 , 2178 , 686 , 1584 , 299 , 1804 , 2003 , 1528 , 299 , 6932 , 623 , 2761 , 679 , 482 , 482 , 480 , 748 , 479 , 523 , 732 , 525 , 583 , 524 , 674 , 636 , 580 , 691 , 627 , 585 , 644 , 532 , 739 , 732 , 746 , 432 , 431 , 484 , 431 , 685 , 484 , 532 , 479 , 431 , 746 , 742 , 673 , 484 , 663 , 577 , 628 , 4 , 483 , 582 , 697 , 
RegressionTest0::test06 , 1559 , 1304 , 1482 , 1383 , 1368 , 1326 , 1606 , 1615 , 1562 , 1407 , 1340 , 994 , 1349 , 1338 , 1339 , 0 , 5 , 2103 , 797 , 1133 , 19 , 441 , 737 , 7223 , 479 , 822 , 934 , 1864 , 997 , 749 , 627 , 1133 , 628 , 822 , 333 , 1133 , 5738 , 985 , 1623 , 886 , 958 , 972 , 973 , 854 , 974 , 953 , 857 , 957 , 926 , 956 , 880 , 895 , 925 , 873 , 907 , 912 , 889 , 943 , 862 , 849 , 845 , 1010 , 1010 , 960 , 1010 , 874 , 960 , 945 , 973 , 1011 , 854 , 859 , 890 , 961 , 895 , 931 , 905 , 1341 , 957 , 925 , 856 , 
RegressionTest0::test07 , 1558 , 1303 , 1482 , 1383 , 1367 , 1326 , 1605 , 1614 , 1561 , 1407 , 1339 , 993 , 1348 , 1339 , 1339 , 5 , 0 , 2102 , 797 , 1132 , 19 , 443 , 736 , 7224 , 479 , 823 , 933 , 1865 , 996 , 748 , 627 , 1132 , 628 , 822 , 333 , 1132 , 5739 , 985 , 1622 , 887 , 958 , 972 , 972 , 856 , 973 , 952 , 857 , 955 , 929 , 955 , 883 , 896 , 926 , 873 , 907 , 915 , 892 , 944 , 861 , 852 , 846 , 1008 , 1009 , 959 , 1009 , 877 , 959 , 946 , 972 , 1010 , 854 , 858 , 893 , 961 , 895 , 931 , 908 , 1340 , 958 , 928 , 857 , 
RegressionTest0::test08 , 3506 , 3154 , 3384 , 3275 , 3232 , 3187 , 3558 , 3565 , 3507 , 3301 , 3243 , 2884 , 3253 , 3243 , 3246 , 2103 , 2102 , 0 , 2359 , 3061 , 2103 , 1890 , 2630 , 5664 , 1890 , 1735 , 2862 , 1097 , 1400 , 2689 , 1955 , 3061 , 1720 , 1735 , 1958 , 3061 , 4136 , 2765 , 1164 , 2770 , 2892 , 2906 , 2906 , 2717 , 2907 , 2858 , 2735 , 2857 , 2836 , 2859 , 2772 , 2786 , 2834 , 2763 , 2800 , 2829 , 2785 , 2851 , 2725 , 2736 , 2719 , 2942 , 2941 , 2900 , 2942 , 2773 , 2900 , 2851 , 2906 , 2943 , 2719 , 2725 , 2777 , 2900 , 2780 , 2840 , 2794 , 3246 , 2891 , 2835 , 2752 , 
RegressionTest0::test09 , 1355 , 1074 , 1250 , 1161 , 1124 , 1093 , 1397 , 1406 , 1355 , 1143 , 1098 , 702 , 1108 , 1098 , 1106 , 797 , 797 , 2359 , 0 , 908 , 795 , 976 , 650 , 7486 , 930 , 1277 , 760 , 2169 , 1388 , 664 , 1032 , 909 , 1090 , 1277 , 903 , 909 , 5965 , 557 , 1933 , 717 , 769 , 779 , 778 , 701 , 779 , 767 , 701 , 767 , 729 , 767 , 711 , 725 , 731 , 706 , 715 , 717 , 693 , 767 , 704 , 701 , 698 , 778 , 776 , 756 , 777 , 702 , 757 , 768 , 777 , 775 , 701 , 705 , 725 , 757 , 716 , 736 , 724 , 1106 , 771 , 730 , 702 , 
RegressionTest0::test10 , 510 , 413 , 464 , 439 , 431 , 427 , 541 , 540 , 505 , 451 , 304 , 250 , 304 , 304 , 299 , 1133 , 1132 , 3061 , 908 , 0 , 1133 , 1427 , 556 , 8228 , 1431 , 1794 , 299 , 2826 , 1973 , 475 , 1380 , 3 , 1600 , 1792 , 1329 , 3 , 6726 , 447 , 2557 , 448 , 261 , 240 , 238 , 523 , 239 , 281 , 504 , 282 , 355 , 282 , 450 , 407 , 356 , 466 , 399 , 344 , 419 , 295 , 508 , 504 , 521 , 191 , 191 , 225 , 190 , 460 , 224 , 294 , 237 , 190 , 519 , 508 , 440 , 224 , 439 , 345 , 401 , 301 , 262 , 357 , 451 , 
RegressionTest0::test11 , 1559 , 1304 , 1483 , 1385 , 1368 , 1333 , 1609 , 1615 , 1565 , 1414 , 1340 , 994 , 1350 , 1339 , 1343 , 19 , 19 , 2103 , 795 , 1133 , 0 , 447 , 736 , 7223 , 480 , 827 , 937 , 1866 , 998 , 753 , 625 , 1133 , 629 , 826 , 334 , 1133 , 5739 , 978 , 1624 , 889 , 959 , 974 , 974 , 857 , 975 , 954 , 862 , 956 , 931 , 957 , 889 , 900 , 929 , 873 , 908 , 918 , 896 , 949 , 862 , 859 , 855 , 1011 , 1011 , 962 , 1011 , 883 , 962 , 949 , 975 , 1011 , 858 , 859 , 894 , 963 , 895 , 934 , 907 , 1343 , 959 , 928 , 863 , 
RegressionTest0::test12 , 1850 , 1580 , 1763 , 1663 , 1637 , 1604 , 1899 , 1902 , 1851 , 1691 , 1617 , 1242 , 1629 , 1619 , 1628 , 441 , 443 , 1890 , 976 , 1427 , 447 , 0 , 954 , 6966 , 473 , 477 , 1224 , 1630 , 835 , 1026 , 548 , 1428 , 541 , 477 , 229 , 1426 , 5472 , 1242 , 1436 , 1156 , 1270 , 1271 , 1269 , 1114 , 1269 , 1249 , 1131 , 1250 , 1201 , 1250 , 1157 , 1180 , 1205 , 1144 , 1187 , 1204 , 1174 , 1243 , 1120 , 1131 , 1112 , 1306 , 1304 , 1274 , 1305 , 1151 , 1274 , 1242 , 1269 , 1305 , 1113 , 1120 , 1167 , 1274 , 1166 , 1209 , 1182 , 1628 , 1270 , 1205 , 1141 , 
RegressionTest0::test13 , 984 , 781 , 919 , 833 , 817 , 803 , 1028 , 1032 , 988 , 862 , 773 , 377 , 782 , 773 , 781 , 737 , 736 , 2630 , 650 , 556 , 736 , 954 , 0 , 7749 , 980 , 1333 , 372 , 2370 , 1529 , 164 , 992 , 557 , 1153 , 1331 , 956 , 557 , 6260 , 423 , 2135 , 380 , 425 , 432 , 432 , 383 , 432 , 411 , 379 , 411 , 389 , 410 , 373 , 380 , 391 , 382 , 388 , 383 , 377 , 410 , 390 , 378 , 376 , 453 , 453 , 420 , 452 , 369 , 421 , 410 , 431 , 452 , 381 , 388 , 377 , 420 , 377 , 391 , 387 , 781 , 422 , 393 , 356 , 
RegressionTest0::test14 , 8685 , 8305 , 8566 , 8454 , 8407 , 8353 , 8743 , 8750 , 8690 , 8464 , 8424 , 8026 , 8436 , 8424 , 8437 , 7223 , 7224 , 5664 , 7486 , 8228 , 7223 , 6966 , 7749 , 0 , 6978 , 6615 , 8012 , 5748 , 6482 , 7827 , 7029 , 8228 , 6811 , 6614 , 7051 , 8228 , 2103 , 7901 , 5989 , 7885 , 8044 , 8059 , 8059 , 7834 , 8059 , 8008 , 7840 , 8006 , 7962 , 8007 , 7883 , 7917 , 7963 , 7876 , 7916 , 7952 , 7913 , 8005 , 7836 , 7838 , 7834 , 8106 , 8106 , 8050 , 8106 , 7883 , 8050 , 8005 , 8059 , 8106 , 7838 , 7833 , 7889 , 8050 , 7889 , 7966 , 7913 , 8436 , 8042 , 7961 , 7869 , 
RegressionTest0::test15 , 1861 , 1588 , 1776 , 1679 , 1654 , 1622 , 1907 , 1916 , 1863 , 1698 , 1630 , 1260 , 1639 , 1630 , 1635 , 479 , 479 , 1890 , 930 , 1431 , 480 , 473 , 980 , 6978 , 0 , 570 , 1233 , 1611 , 758 , 1048 , 679 , 1431 , 354 , 573 , 407 , 1431 , 5479 , 1172 , 1492 , 1174 , 1281 , 1291 , 1292 , 1152 , 1293 , 1269 , 1164 , 1267 , 1231 , 1267 , 1182 , 1196 , 1232 , 1168 , 1212 , 1225 , 1193 , 1255 , 1157 , 1167 , 1157 , 1313 , 1315 , 1287 , 1314 , 1182 , 1288 , 1254 , 1291 , 1314 , 1149 , 1155 , 1182 , 1287 , 1184 , 1231 , 1204 , 1636 , 1283 , 1233 , 1173 , 
RegressionTest0::test16 , 2232 , 1943 , 2140 , 2042 , 2014 , 1980 , 2282 , 2287 , 2233 , 2059 , 1995 , 1614 , 2009 , 1995 , 2004 , 822 , 823 , 1735 , 1277 , 1794 , 827 , 477 , 1333 , 6615 , 570 , 0 , 1595 , 1321 , 589 , 1411 , 913 , 1793 , 523 , 5 , 610 , 1794 , 5119 , 1533 , 1243 , 1527 , 1650 , 1647 , 1648 , 1494 , 1649 , 1624 , 1511 , 1623 , 1578 , 1625 , 1532 , 1554 , 1581 , 1518 , 1558 , 1580 , 1555 , 1620 , 1502 , 1510 , 1493 , 1686 , 1687 , 1651 , 1686 , 1533 , 1651 , 1619 , 1649 , 1687 , 1492 , 1502 , 1536 , 1652 , 1537 , 1587 , 1554 , 2003 , 1648 , 1578 , 1520 , 
RegressionTest0::test17 , 721 , 572 , 664 , 594 , 578 , 571 , 763 , 766 , 726 , 615 , 531 , 216 , 532 , 530 , 527 , 934 , 933 , 2862 , 760 , 299 , 937 , 1224 , 372 , 8012 , 1233 , 1595 , 0 , 2621 , 1772 , 277 , 1170 , 300 , 1407 , 1595 , 1129 , 299 , 6517 , 275 , 2357 , 262 , 174 , 185 , 185 , 358 , 185 , 168 , 347 , 169 , 188 , 168 , 256 , 243 , 181 , 299 , 237 , 179 , 252 , 160 , 349 , 350 , 364 , 198 , 197 , 186 , 197 , 298 , 186 , 160 , 185 , 197 , 356 , 354 , 285 , 186 , 289 , 185 , 227 , 526 , 174 , 183 , 309 , 
RegressionTest0::test18 , 3262 , 2947 , 3156 , 3056 , 3013 , 2979 , 3312 , 3320 , 3262 , 3064 , 3018 , 2648 , 3026 , 3018 , 3024 , 1864 , 1865 , 1097 , 2169 , 2826 , 1866 , 1630 , 2370 , 5748 , 1611 , 1321 , 2621 , 0 , 1412 , 2419 , 1643 , 2827 , 1497 , 1321 , 1707 , 2827 , 4294 , 2533 , 948 , 2538 , 2660 , 2665 , 2665 , 2483 , 2666 , 2640 , 2507 , 2638 , 2585 , 2639 , 2529 , 2555 , 2583 , 2524 , 2559 , 2593 , 2554 , 2629 , 2493 , 2503 , 2484 , 2700 , 2700 , 2666 , 2700 , 2525 , 2665 , 2628 , 2665 , 2700 , 2481 , 2495 , 2545 , 2666 , 2541 , 2589 , 2558 , 3025 , 2660 , 2583 , 2515 , 
RegressionTest0::test19 , 2410 , 2116 , 2316 , 2218 , 2185 , 2151 , 2459 , 2466 , 2412 , 2235 , 2169 , 1792 , 2181 , 2169 , 2178 , 997 , 996 , 1400 , 1388 , 1973 , 998 , 835 , 1529 , 6482 , 758 , 589 , 1772 , 1412 , 0 , 1587 , 1032 , 1973 , 556 , 587 , 828 , 1973 , 4961 , 1705 , 1154 , 1707 , 1816 , 1819 , 1819 , 1673 , 1820 , 1794 , 1680 , 1795 , 1768 , 1793 , 1706 , 1731 , 1764 , 1704 , 1736 , 1764 , 1724 , 1789 , 1676 , 1683 , 1673 , 1844 , 1844 , 1814 , 1844 , 1706 , 1814 , 1789 , 1819 , 1843 , 1675 , 1681 , 1712 , 1816 , 1710 , 1771 , 1738 , 2179 , 1817 , 1767 , 1701 , 
RegressionTest0::test20 , 897 , 703 , 836 , 749 , 734 , 725 , 938 , 943 , 899 , 776 , 690 , 372 , 697 , 690 , 686 , 749 , 748 , 2689 , 664 , 475 , 753 , 1026 , 164 , 7827 , 1048 , 1411 , 277 , 2419 , 1587 , 0 , 976 , 474 , 1225 , 1408 , 938 , 476 , 6342 , 389 , 2194 , 303 , 336 , 352 , 353 , 312 , 353 , 335 , 321 , 335 , 309 , 336 , 301 , 302 , 319 , 309 , 314 , 313 , 282 , 338 , 321 , 318 , 296 , 352 , 352 , 343 , 352 , 300 , 343 , 338 , 353 , 353 , 311 , 315 , 312 , 346 , 304 , 317 , 318 , 687 , 336 , 320 , 288 , 
RegressionTest0::test21 , 1800 , 1542 , 1714 , 1617 , 1586 , 1559 , 1849 , 1855 , 1799 , 1639 , 1570 , 1261 , 1581 , 1570 , 1584 , 627 , 627 , 1955 , 1032 , 1380 , 625 , 548 , 992 , 7029 , 679 , 913 , 1170 , 1643 , 1032 , 976 , 0 , 1379 , 792 , 911 , 547 , 1380 , 5544 , 1222 , 1508 , 1105 , 1207 , 1228 , 1229 , 1067 , 1229 , 1203 , 1087 , 1201 , 1160 , 1204 , 1114 , 1135 , 1163 , 1098 , 1136 , 1153 , 1120 , 1198 , 1077 , 1082 , 1065 , 1259 , 1259 , 1222 , 1259 , 1104 , 1223 , 1198 , 1228 , 1258 , 1065 , 1072 , 1117 , 1221 , 1119 , 1164 , 1134 , 1584 , 1206 , 1163 , 1092 , 
RegressionTest0::test22 , 512 , 414 , 465 , 440 , 431 , 428 , 542 , 541 , 506 , 450 , 304 , 251 , 305 , 305 , 299 , 1133 , 1132 , 3061 , 909 , 3 , 1133 , 1428 , 557 , 8228 , 1431 , 1793 , 300 , 2827 , 1973 , 474 , 1379 , 0 , 1599 , 1792 , 1329 , 4 , 6725 , 446 , 2557 , 449 , 261 , 239 , 238 , 523 , 240 , 282 , 503 , 283 , 356 , 284 , 450 , 408 , 355 , 466 , 400 , 344 , 419 , 294 , 509 , 506 , 520 , 190 , 192 , 224 , 190 , 460 , 224 , 296 , 239 , 192 , 519 , 510 , 442 , 227 , 438 , 343 , 399 , 300 , 261 , 357 , 451 , 
RegressionTest0::test23 , 2030 , 1751 , 1941 , 1844 , 1820 , 1787 , 2078 , 2085 , 2031 , 1869 , 1794 , 1427 , 1803 , 1794 , 1804 , 628 , 628 , 1720 , 1090 , 1600 , 629 , 541 , 1153 , 6811 , 354 , 523 , 1407 , 1497 , 556 , 1225 , 792 , 1599 , 0 , 521 , 384 , 1600 , 5308 , 1333 , 1358 , 1348 , 1444 , 1461 , 1461 , 1308 , 1462 , 1421 , 1319 , 1424 , 1399 , 1422 , 1349 , 1358 , 1399 , 1340 , 1366 , 1392 , 1359 , 1419 , 1311 , 1319 , 1307 , 1477 , 1478 , 1455 , 1477 , 1345 , 1455 , 1420 , 1461 , 1478 , 1309 , 1313 , 1354 , 1455 , 1357 , 1400 , 1365 , 1803 , 1444 , 1400 , 1334 , 
RegressionTest0::test24 , 2231 , 1942 , 2139 , 2040 , 2012 , 1978 , 2281 , 2287 , 2233 , 2059 , 1994 , 1614 , 2008 , 1994 , 2003 , 822 , 822 , 1735 , 1277 , 1792 , 826 , 477 , 1331 , 6614 , 573 , 5 , 1595 , 1321 , 587 , 1408 , 911 , 1792 , 521 , 0 , 609 , 1793 , 5120 , 1532 , 1243 , 1524 , 1649 , 1649 , 1648 , 1492 , 1648 , 1623 , 1508 , 1624 , 1577 , 1623 , 1531 , 1551 , 1580 , 1516 , 1558 , 1579 , 1552 , 1619 , 1500 , 1506 , 1490 , 1685 , 1686 , 1653 , 1685 , 1531 , 1652 , 1618 , 1648 , 1686 , 1492 , 1500 , 1534 , 1649 , 1536 , 1588 , 1552 , 2003 , 1648 , 1578 , 1518 , 
RegressionTest0::test25 , 1751 , 1479 , 1667 , 1570 , 1549 , 1515 , 1800 , 1806 , 1753 , 1597 , 1523 , 1207 , 1532 , 1522 , 1528 , 333 , 333 , 1958 , 903 , 1329 , 334 , 229 , 956 , 7051 , 407 , 610 , 1129 , 1707 , 828 , 938 , 547 , 1329 , 384 , 609 , 0 , 1328 , 5564 , 1157 , 1461 , 1057 , 1163 , 1183 , 1182 , 1020 , 1183 , 1145 , 1020 , 1147 , 1118 , 1146 , 1058 , 1088 , 1118 , 1045 , 1086 , 1114 , 1081 , 1146 , 1014 , 1019 , 1022 , 1211 , 1211 , 1179 , 1211 , 1054 , 1179 , 1146 , 1183 , 1211 , 1020 , 1014 , 1067 , 1179 , 1069 , 1123 , 1086 , 1529 , 1164 , 1119 , 1037 , 
RegressionTest0::test26 , 511 , 414 , 463 , 439 , 430 , 426 , 541 , 539 , 504 , 450 , 304 , 249 , 304 , 304 , 299 , 1133 , 1132 , 3061 , 909 , 3 , 1133 , 1426 , 557 , 8228 , 1431 , 1794 , 299 , 2827 , 1973 , 476 , 1380 , 4 , 1600 , 1793 , 1328 , 0 , 6726 , 446 , 2557 , 447 , 260 , 241 , 239 , 522 , 238 , 282 , 503 , 283 , 354 , 282 , 449 , 407 , 355 , 465 , 399 , 344 , 418 , 296 , 507 , 506 , 520 , 192 , 190 , 226 , 191 , 459 , 226 , 294 , 239 , 189 , 521 , 508 , 440 , 225 , 438 , 346 , 401 , 301 , 262 , 358 , 451 , 
RegressionTest0::test27 , 7182 , 6790 , 7059 , 6947 , 6901 , 6850 , 7240 , 7247 , 7186 , 6954 , 6917 , 6536 , 6928 , 6916 , 6932 , 5738 , 5739 , 4136 , 5965 , 6726 , 5739 , 5472 , 6260 , 2103 , 5479 , 5119 , 6517 , 4294 , 4961 , 6342 , 5544 , 6725 , 5308 , 5120 , 5564 , 6726 , 0 , 6384 , 4541 , 6399 , 6550 , 6563 , 6563 , 6347 , 6563 , 6516 , 6363 , 6516 , 6469 , 6516 , 6399 , 6421 , 6470 , 6394 , 6427 , 6466 , 6417 , 6511 , 6354 , 6362 , 6349 , 6606 , 6606 , 6557 , 6606 , 6397 , 6557 , 6512 , 6563 , 6606 , 6348 , 6352 , 6402 , 6556 , 6406 , 6474 , 6425 , 6930 , 6548 , 6471 , 6386 , 
RegressionTest0::test28 , 877 , 645 , 778 , 700 , 674 , 644 , 916 , 924 , 876 , 677 , 618 , 267 , 633 , 619 , 623 , 985 , 985 , 2765 , 557 , 447 , 978 , 1242 , 423 , 7901 , 1172 , 1533 , 275 , 2533 , 1705 , 389 , 1222 , 446 , 1333 , 1532 , 1157 , 446 , 6384 , 0 , 2297 , 371 , 275 , 303 , 302 , 444 , 304 , 296 , 437 , 296 , 286 , 296 , 372 , 326 , 288 , 377 , 303 , 291 , 327 , 301 , 435 , 439 , 439 , 315 , 315 , 310 , 313 , 369 , 310 , 300 , 303 , 315 , 443 , 441 , 368 , 310 , 357 , 287 , 321 , 623 , 276 , 288 , 387 , 
RegressionTest0::test29 , 2998 , 2689 , 2892 , 2793 , 2753 , 2716 , 3047 , 3054 , 2995 , 2800 , 2753 , 2395 , 2764 , 2753 , 2761 , 1623 , 1622 , 1164 , 1933 , 2557 , 1624 , 1436 , 2135 , 5989 , 1492 , 1243 , 2357 , 948 , 1154 , 2194 , 1508 , 2557 , 1358 , 1243 , 1461 , 2557 , 4541 , 2297 , 0 , 2268 , 2402 , 2403 , 2403 , 2231 , 2403 , 2378 , 2242 , 2377 , 2323 , 2378 , 2263 , 2293 , 2322 , 2256 , 2298 , 2331 , 2291 , 2370 , 2237 , 2238 , 2228 , 2449 , 2450 , 2406 , 2449 , 2255 , 2406 , 2369 , 2403 , 2450 , 2231 , 2240 , 2279 , 2406 , 2280 , 2324 , 2304 , 2761 , 2398 , 2323 , 2251 , 
RegressionTest0::test30 , 877 , 712 , 819 , 758 , 735 , 712 , 918 , 921 , 872 , 744 , 665 , 335 , 677 , 665 , 679 , 886 , 887 , 2770 , 717 , 448 , 889 , 1156 , 380 , 7885 , 1174 , 1527 , 262 , 2538 , 1707 , 303 , 1105 , 449 , 1348 , 1524 , 1057 , 447 , 6399 , 371 , 2268 , 0 , 262 , 282 , 280 , 168 , 279 , 241 , 177 , 241 , 193 , 240 , 79 , 128 , 203 , 75 , 149 , 174 , 128 , 227 , 150 , 153 , 187 , 325 , 324 , 270 , 325 , 122 , 270 , 224 , 281 , 324 , 171 , 156 , 67 , 272 , 107 , 191 , 131 , 677 , 266 , 203 , 106 , 
RegressionTest0::test31 , 684 , 536 , 632 , 592 , 573 , 563 , 724 , 733 , 684 , 565 , 489 , 151 , 490 , 488 , 482 , 958 , 958 , 2892 , 769 , 261 , 959 , 1270 , 425 , 8044 , 1281 , 1650 , 174 , 2660 , 1816 , 336 , 1207 , 261 , 1444 , 1649 , 1163 , 260 , 6550 , 275 , 2402 , 262 , 0 , 73 , 73 , 348 , 74 , 108 , 327 , 110 , 179 , 110 , 267 , 226 , 163 , 280 , 217 , 175 , 236 , 105 , 339 , 331 , 349 , 128 , 128 , 52 , 128 , 277 , 52 , 103 , 74 , 127 , 348 , 340 , 264 , 55 , 271 , 173 , 215 , 481 , 7 , 164 , 289 , 
RegressionTest0::test32 , 676 , 518 , 621 , 579 , 567 , 554 , 714 , 718 , 682 , 570 , 475 , 129 , 484 , 473 , 482 , 972 , 972 , 2906 , 779 , 240 , 974 , 1271 , 432 , 8059 , 1291 , 1647 , 185 , 2665 , 1819 , 352 , 1228 , 239 , 1461 , 1649 , 1183 , 241 , 6563 , 303 , 2403 , 282 , 73 , 0 , 5 , 365 , 7 , 100 , 347 , 99 , 155 , 102 , 282 , 243 , 159 , 273 , 235 , 201 , 254 , 110 , 357 , 347 , 366 , 99 , 100 , 55 , 100 , 293 , 55 , 112 , 6 , 101 , 361 , 357 , 277 , 59 , 274 , 175 , 240 , 481 , 77 , 160 , 310 , 
RegressionTest0::test33 , 673 , 515 , 620 , 578 , 565 , 552 , 712 , 716 , 680 , 568 , 472 , 126 , 482 , 471 , 480 , 973 , 972 , 2906 , 778 , 238 , 974 , 1269 , 432 , 8059 , 1292 , 1648 , 185 , 2665 , 1819 , 353 , 1229 , 238 , 1461 , 1648 , 1182 , 239 , 6563 , 302 , 2403 , 280 , 73 , 5 , 0 , 365 , 3 , 98 , 346 , 100 , 154 , 100 , 282 , 242 , 160 , 274 , 235 , 202 , 253 , 112 , 356 , 347 , 365 , 99 , 99 , 56 , 97 , 295 , 56 , 112 , 2 , 99 , 364 , 357 , 276 , 58 , 272 , 175 , 239 , 479 , 77 , 162 , 310 , 
RegressionTest0::test34 , 953 , 784 , 892 , 825 , 793 , 772 , 990 , 996 , 946 , 809 , 739 , 418 , 749 , 739 , 748 , 854 , 856 , 2717 , 701 , 523 , 857 , 1114 , 383 , 7834 , 1152 , 1494 , 358 , 2483 , 1673 , 312 , 1067 , 523 , 1308 , 1492 , 1020 , 522 , 6347 , 444 , 2231 , 168 , 348 , 365 , 365 , 0 , 365 , 325 , 124 , 324 , 266 , 324 , 210 , 178 , 280 , 169 , 237 , 252 , 203 , 284 , 70 , 152 , 70 , 405 , 403 , 359 , 404 , 191 , 359 , 282 , 366 , 403 , 11 , 95 , 189 , 357 , 191 , 278 , 236 , 746 , 349 , 279 , 154 , 
RegressionTest0::test35 , 673 , 516 , 620 , 578 , 566 , 553 , 712 , 715 , 679 , 569 , 472 , 127 , 482 , 472 , 479 , 974 , 973 , 2907 , 779 , 239 , 975 , 1269 , 432 , 8059 , 1293 , 1649 , 185 , 2666 , 1820 , 353 , 1229 , 240 , 1462 , 1648 , 1183 , 238 , 6563 , 304 , 2403 , 279 , 74 , 7 , 3 , 365 , 0 , 98 , 344 , 100 , 152 , 98 , 282 , 243 , 161 , 274 , 234 , 202 , 252 , 113 , 355 , 348 , 364 , 100 , 98 , 57 , 99 , 294 , 57 , 110 , 3 , 98 , 365 , 356 , 275 , 57 , 271 , 176 , 240 , 479 , 77 , 161 , 310 , 
RegressionTest0::test36 , 722 , 564 , 666 , 619 , 600 , 592 , 759 , 762 , 725 , 614 , 518 , 165 , 528 , 517 , 523 , 953 , 952 , 2858 , 767 , 281 , 954 , 1249 , 411 , 8008 , 1269 , 1624 , 168 , 2640 , 1794 , 335 , 1203 , 282 , 1421 , 1623 , 1145 , 282 , 6516 , 296 , 2378 , 241 , 108 , 100 , 98 , 325 , 98 , 0 , 302 , 5 , 129 , 6 , 242 , 202 , 137 , 264 , 163 , 155 , 214 , 61 , 282 , 304 , 321 , 159 , 159 , 100 , 158 , 253 , 100 , 61 , 97 , 159 , 322 , 282 , 234 , 100 , 225 , 120 , 169 , 523 , 109 , 137 , 272 , 
RegressionTest0::test37 , 929 , 765 , 875 , 808 , 780 , 760 , 969 , 977 , 928 , 794 , 723 , 394 , 733 , 724 , 732 , 857 , 857 , 2735 , 701 , 504 , 862 , 1131 , 379 , 7840 , 1164 , 1511 , 347 , 2507 , 1680 , 321 , 1087 , 503 , 1319 , 1508 , 1020 , 503 , 6363 , 437 , 2242 , 177 , 327 , 347 , 346 , 124 , 344 , 302 , 0 , 301 , 246 , 301 , 162 , 199 , 249 , 173 , 231 , 262 , 199 , 296 , 101 , 42 , 118 , 385 , 386 , 337 , 386 , 160 , 337 , 294 , 346 , 386 , 120 , 130 , 169 , 338 , 158 , 249 , 223 , 732 , 330 , 249 , 185 , 
RegressionTest0::test38 , 722 , 566 , 667 , 620 , 601 , 593 , 761 , 763 , 726 , 615 , 519 , 165 , 529 , 518 , 525 , 957 , 955 , 2857 , 767 , 282 , 956 , 1250 , 411 , 8006 , 1267 , 1623 , 169 , 2638 , 1795 , 335 , 1201 , 283 , 1424 , 1624 , 1147 , 283 , 6516 , 296 , 2377 , 241 , 110 , 99 , 100 , 324 , 100 , 5 , 301 , 0 , 129 , 7 , 244 , 202 , 134 , 263 , 162 , 157 , 214 , 58 , 281 , 304 , 323 , 160 , 160 , 101 , 159 , 251 , 102 , 59 , 100 , 160 , 320 , 279 , 233 , 102 , 228 , 121 , 166 , 525 , 111 , 136 , 274 , 
RegressionTest0::test39 , 782 , 625 , 729 , 672 , 658 , 639 , 824 , 829 , 783 , 658 , 573 , 243 , 583 , 574 , 583 , 926 , 929 , 2836 , 729 , 355 , 931 , 1201 , 389 , 7962 , 1231 , 1578 , 188 , 2585 , 1768 , 309 , 1160 , 356 , 1399 , 1577 , 1118 , 354 , 6469 , 286 , 2323 , 193 , 179 , 155 , 154 , 266 , 152 , 129 , 246 , 129 , 0 , 130 , 179 , 130 , 40 , 173 , 132 , 88 , 139 , 133 , 250 , 247 , 261 , 231 , 229 , 178 , 230 , 177 , 178 , 131 , 154 , 229 , 268 , 253 , 194 , 175 , 171 , 60 , 153 , 582 , 179 , 40 , 213 , 
RegressionTest0::test40 , 723 , 567 , 667 , 620 , 601 , 593 , 760 , 762 , 724 , 615 , 517 , 165 , 529 , 518 , 524 , 956 , 955 , 2859 , 767 , 282 , 957 , 1250 , 410 , 8007 , 1267 , 1625 , 168 , 2639 , 1793 , 336 , 1204 , 284 , 1422 , 1623 , 1146 , 282 , 6516 , 296 , 2378 , 240 , 110 , 102 , 100 , 324 , 98 , 6 , 301 , 7 , 130 , 0 , 242 , 202 , 134 , 263 , 159 , 158 , 213 , 62 , 281 , 304 , 322 , 161 , 159 , 103 , 160 , 253 , 102 , 60 , 100 , 159 , 323 , 281 , 233 , 99 , 224 , 120 , 168 , 524 , 110 , 136 , 274 , 
RegressionTest0::test41 , 879 , 714 , 818 , 755 , 733 , 705 , 917 , 922 , 875 , 744 , 671 , 336 , 678 , 671 , 674 , 880 , 883 , 2772 , 711 , 450 , 889 , 1157 , 373 , 7883 , 1182 , 1532 , 256 , 2529 , 1706 , 301 , 1114 , 450 , 1349 , 1531 , 1058 , 449 , 6399 , 372 , 2263 , 79 , 267 , 282 , 282 , 210 , 282 , 242 , 162 , 244 , 179 , 242 , 0 , 146 , 165 , 113 , 134 , 178 , 155 , 237 , 210 , 168 , 198 , 326 , 326 , 274 , 326 , 71 , 274 , 237 , 281 , 326 , 209 , 213 , 90 , 273 , 96 , 178 , 129 , 674 , 265 , 169 , 109 , 
RegressionTest0::test42 , 839 , 679 , 783 , 724 , 696 , 682 , 879 , 885 , 835 , 702 , 631 , 297 , 638 , 630 , 636 , 895 , 896 , 2786 , 725 , 407 , 900 , 1180 , 380 , 7917 , 1196 , 1554 , 243 , 2555 , 1731 , 302 , 1135 , 408 , 1358 , 1551 , 1088 , 407 , 6421 , 326 , 2293 , 128 , 226 , 243 , 242 , 178 , 243 , 202 , 199 , 202 , 130 , 202 , 146 , 0 , 144 , 149 , 125 , 133 , 62 , 156 , 208 , 199 , 190 , 287 , 288 , 232 , 287 , 156 , 232 , 156 , 242 , 288 , 174 , 211 , 126 , 231 , 132 , 135 , 94 , 634 , 226 , 147 , 143 , 
RegressionTest0::test43 , 780 , 628 , 728 , 665 , 650 , 636 , 820 , 830 , 779 , 653 , 577 , 247 , 582 , 576 , 580 , 925 , 926 , 2834 , 731 , 356 , 929 , 1205 , 391 , 7963 , 1232 , 1581 , 181 , 2583 , 1764 , 319 , 1163 , 355 , 1399 , 1580 , 1118 , 355 , 6470 , 288 , 2322 , 203 , 163 , 159 , 160 , 280 , 161 , 137 , 249 , 134 , 40 , 134 , 165 , 144 , 0 , 171 , 113 , 92 , 164 , 128 , 267 , 251 , 273 , 232 , 234 , 181 , 233 , 184 , 182 , 129 , 160 , 234 , 279 , 275 , 199 , 183 , 183 , 53 , 131 , 579 , 166 , 8 , 213 , 
RegressionTest0::test44 , 894 , 733 , 838 , 770 , 748 , 723 , 931 , 940 , 886 , 752 , 689 , 351 , 693 , 689 , 691 , 873 , 873 , 2763 , 706 , 466 , 873 , 1144 , 382 , 7876 , 1168 , 1518 , 299 , 2524 , 1704 , 309 , 1098 , 466 , 1340 , 1516 , 1045 , 465 , 6394 , 377 , 2256 , 75 , 280 , 273 , 274 , 169 , 274 , 264 , 173 , 263 , 173 , 263 , 113 , 149 , 171 , 0 , 153 , 174 , 133 , 246 , 152 , 175 , 191 , 342 , 342 , 289 , 342 , 124 , 289 , 246 , 274 , 342 , 170 , 151 , 96 , 288 , 111 , 217 , 129 , 689 , 281 , 172 , 100 , 
RegressionTest0::test45 , 831 , 670 , 774 , 713 , 693 , 676 , 869 , 875 , 824 , 695 , 623 , 289 , 626 , 623 , 627 , 907 , 907 , 2800 , 715 , 399 , 908 , 1187 , 388 , 7916 , 1212 , 1558 , 237 , 2559 , 1736 , 314 , 1136 , 400 , 1366 , 1558 , 1086 , 399 , 6427 , 303 , 2298 , 149 , 217 , 235 , 235 , 237 , 234 , 163 , 231 , 162 , 132 , 159 , 134 , 125 , 113 , 153 , 0 , 119 , 117 , 194 , 206 , 218 , 245 , 279 , 278 , 231 , 279 , 135 , 230 , 194 , 235 , 278 , 233 , 211 , 149 , 230 , 136 , 128 , 44 , 626 , 219 , 112 , 166 , 
RegressionTest0::test46 , 793 , 639 , 737 , 677 , 658 , 641 , 832 , 840 , 786 , 651 , 591 , 226 , 595 , 589 , 585 , 912 , 915 , 2829 , 717 , 344 , 918 , 1204 , 383 , 7952 , 1225 , 1580 , 179 , 2593 , 1764 , 313 , 1153 , 344 , 1392 , 1579 , 1114 , 344 , 6466 , 291 , 2331 , 174 , 175 , 201 , 202 , 252 , 202 , 155 , 262 , 157 , 88 , 158 , 178 , 133 , 92 , 174 , 119 , 0 , 139 , 133 , 245 , 259 , 277 , 244 , 244 , 161 , 244 , 200 , 161 , 134 , 201 , 244 , 255 , 259 , 173 , 160 , 184 , 108 , 103 , 586 , 176 , 93 , 161 , 
RegressionTest0::test47 , 847 , 691 , 793 , 729 , 703 , 682 , 889 , 893 , 848 , 712 , 638 , 308 , 649 , 638 , 644 , 889 , 892 , 2785 , 693 , 419 , 896 , 1174 , 377 , 7913 , 1193 , 1555 , 252 , 2554 , 1724 , 282 , 1120 , 419 , 1359 , 1552 , 1081 , 418 , 6417 , 327 , 2291 , 128 , 236 , 254 , 253 , 203 , 252 , 214 , 199 , 214 , 139 , 213 , 155 , 62 , 164 , 133 , 117 , 139 , 0 , 198 , 202 , 200 , 204 , 265 , 264 , 243 , 265 , 145 , 243 , 197 , 253 , 264 , 204 , 204 , 134 , 240 , 138 , 151 , 113 , 643 , 237 , 163 , 119 , 
RegressionTest0::test48 , 725 , 572 , 672 , 625 , 603 , 594 , 768 , 771 , 727 , 614 , 523 , 175 , 533 , 521 , 532 , 943 , 944 , 2851 , 767 , 295 , 949 , 1243 , 410 , 8005 , 1255 , 1620 , 160 , 2629 , 1789 , 338 , 1198 , 294 , 1419 , 1619 , 1146 , 296 , 6511 , 301 , 2370 , 227 , 105 , 110 , 112 , 284 , 113 , 61 , 296 , 58 , 133 , 62 , 237 , 156 , 128 , 246 , 194 , 133 , 198 , 0 , 305 , 297 , 282 , 168 , 170 , 96 , 169 , 250 , 97 , 4 , 112 , 170 , 279 , 305 , 220 , 100 , 233 , 113 , 181 , 532 , 106 , 132 , 259 , 
RegressionTest0::test49 , 942 , 778 , 885 , 820 , 790 , 769 , 979 , 986 , 935 , 799 , 731 , 403 , 743 , 731 , 739 , 862 , 861 , 2725 , 704 , 508 , 862 , 1120 , 390 , 7836 , 1157 , 1502 , 349 , 2493 , 1676 , 321 , 1077 , 509 , 1311 , 1500 , 1014 , 507 , 6354 , 435 , 2237 , 150 , 339 , 357 , 356 , 70 , 355 , 282 , 101 , 281 , 250 , 281 , 210 , 208 , 267 , 152 , 206 , 245 , 202 , 305 , 0 , 124 , 130 , 395 , 393 , 349 , 394 , 193 , 349 , 304 , 356 , 393 , 73 , 42 , 172 , 348 , 177 , 262 , 193 , 738 , 340 , 266 , 179 , 
RegressionTest0::test50 , 930 , 764 , 880 , 811 , 787 , 763 , 971 , 979 , 930 , 796 , 724 , 396 , 732 , 722 , 732 , 849 , 852 , 2736 , 701 , 504 , 859 , 1131 , 378 , 7838 , 1167 , 1510 , 350 , 2503 , 1683 , 318 , 1082 , 506 , 1319 , 1506 , 1019 , 506 , 6362 , 439 , 2238 , 153 , 331 , 347 , 347 , 152 , 348 , 304 , 42 , 304 , 247 , 304 , 168 , 199 , 251 , 175 , 218 , 259 , 200 , 297 , 124 , 0 , 90 , 388 , 389 , 339 , 388 , 165 , 338 , 298 , 347 , 389 , 148 , 103 , 171 , 337 , 164 , 252 , 223 , 732 , 329 , 245 , 161 , 
RegressionTest0::test51 , 952 , 782 , 893 , 828 , 798 , 770 , 990 , 995 , 945 , 812 , 741 , 417 , 752 , 742 , 746 , 845 , 846 , 2719 , 698 , 521 , 855 , 1112 , 376 , 7834 , 1157 , 1493 , 364 , 2484 , 1673 , 296 , 1065 , 520 , 1307 , 1490 , 1022 , 520 , 6349 , 439 , 2228 , 187 , 349 , 366 , 365 , 70 , 364 , 321 , 118 , 323 , 261 , 322 , 198 , 190 , 273 , 191 , 245 , 277 , 204 , 282 , 130 , 90 , 0 , 402 , 402 , 355 , 403 , 179 , 355 , 280 , 364 , 403 , 72 , 103 , 205 , 356 , 193 , 272 , 258 , 746 , 350 , 275 , 157 , 
RegressionTest0::test52 , 630 , 484 , 580 , 541 , 528 , 521 , 669 , 670 , 635 , 530 , 439 , 126 , 437 , 438 , 432 , 1010 , 1008 , 2942 , 778 , 191 , 1011 , 1306 , 453 , 8106 , 1313 , 1686 , 198 , 2700 , 1844 , 352 , 1259 , 190 , 1477 , 1685 , 1211 , 192 , 6606 , 315 , 2449 , 325 , 128 , 99 , 99 , 405 , 100 , 159 , 385 , 160 , 231 , 161 , 326 , 287 , 232 , 342 , 279 , 244 , 265 , 168 , 395 , 388 , 402 , 0 , 3 , 108 , 2 , 334 , 108 , 170 , 99 , 4 , 399 , 396 , 317 , 112 , 316 , 219 , 279 , 431 , 130 , 235 , 351 , 
RegressionTest0::test53 , 629 , 483 , 579 , 540 , 527 , 520 , 668 , 669 , 634 , 530 , 438 , 125 , 436 , 437 , 431 , 1010 , 1009 , 2941 , 776 , 191 , 1011 , 1304 , 453 , 8106 , 1315 , 1687 , 197 , 2700 , 1844 , 352 , 1259 , 192 , 1478 , 1686 , 1211 , 190 , 6606 , 315 , 2450 , 324 , 128 , 100 , 99 , 403 , 98 , 159 , 386 , 160 , 229 , 159 , 326 , 288 , 234 , 342 , 278 , 244 , 264 , 170 , 393 , 389 , 402 , 3 , 0 , 110 , 2 , 334 , 110 , 168 , 99 , 2 , 402 , 395 , 317 , 110 , 316 , 222 , 280 , 430 , 130 , 234 , 351 , 
RegressionTest0::test54 , 676 , 529 , 628 , 587 , 575 , 561 , 723 , 724 , 682 , 571 , 475 , 107 , 487 , 474 , 484 , 960 , 959 , 2900 , 756 , 225 , 962 , 1274 , 420 , 8050 , 1287 , 1651 , 186 , 2666 , 1814 , 343 , 1222 , 224 , 1455 , 1653 , 1179 , 226 , 6557 , 310 , 2406 , 270 , 52 , 55 , 56 , 359 , 57 , 100 , 337 , 101 , 178 , 103 , 274 , 232 , 181 , 289 , 231 , 161 , 243 , 96 , 349 , 339 , 355 , 108 , 110 , 0 , 109 , 284 , 1 , 99 , 56 , 111 , 355 , 348 , 263 , 7 , 270 , 165 , 224 , 483 , 56 , 183 , 268 , 
RegressionTest0::test55 , 629 , 483 , 579 , 540 , 527 , 519 , 668 , 669 , 634 , 529 , 437 , 126 , 436 , 437 , 431 , 1010 , 1009 , 2942 , 777 , 190 , 1011 , 1305 , 452 , 8106 , 1314 , 1686 , 197 , 2700 , 1844 , 352 , 1259 , 190 , 1477 , 1685 , 1211 , 191 , 6606 , 313 , 2449 , 325 , 128 , 100 , 97 , 404 , 99 , 158 , 386 , 159 , 230 , 160 , 326 , 287 , 233 , 342 , 279 , 244 , 265 , 169 , 394 , 388 , 403 , 2 , 2 , 109 , 0 , 334 , 109 , 169 , 98 , 3 , 401 , 396 , 318 , 111 , 316 , 221 , 279 , 430 , 130 , 235 , 351 , 
RegressionTest0::test56 , 889 , 727 , 833 , 768 , 741 , 714 , 923 , 934 , 881 , 748 , 683 , 347 , 687 , 683 , 685 , 874 , 877 , 2773 , 702 , 460 , 883 , 1151 , 369 , 7883 , 1182 , 1533 , 298 , 2525 , 1706 , 300 , 1104 , 460 , 1345 , 1531 , 1054 , 459 , 6397 , 369 , 2255 , 122 , 277 , 293 , 295 , 191 , 294 , 253 , 160 , 251 , 177 , 253 , 71 , 156 , 184 , 124 , 135 , 200 , 145 , 250 , 193 , 165 , 179 , 334 , 334 , 284 , 334 , 0 , 284 , 250 , 295 , 335 , 191 , 200 , 121 , 284 , 123 , 166 , 149 , 682 , 276 , 181 , 95 , 
RegressionTest0::test57 , 677 , 529 , 628 , 587 , 575 , 561 , 723 , 724 , 682 , 571 , 475 , 107 , 487 , 474 , 484 , 960 , 959 , 2900 , 757 , 224 , 962 , 1274 , 421 , 8050 , 1288 , 1651 , 186 , 2665 , 1814 , 343 , 1223 , 224 , 1455 , 1652 , 1179 , 226 , 6557 , 310 , 2406 , 270 , 52 , 55 , 56 , 359 , 57 , 100 , 337 , 102 , 178 , 102 , 274 , 232 , 182 , 289 , 230 , 161 , 243 , 97 , 349 , 338 , 355 , 108 , 110 , 1 , 109 , 284 , 0 , 99 , 56 , 111 , 355 , 349 , 263 , 6 , 270 , 165 , 225 , 483 , 56 , 182 , 268 , 
RegressionTest0::test58 , 724 , 572 , 671 , 625 , 602 , 593 , 767 , 769 , 727 , 613 , 521 , 175 , 533 , 521 , 532 , 945 , 946 , 2851 , 768 , 294 , 949 , 1242 , 410 , 8005 , 1254 , 1619 , 160 , 2628 , 1789 , 338 , 1198 , 296 , 1420 , 1618 , 1146 , 294 , 6512 , 300 , 2369 , 224 , 103 , 112 , 112 , 282 , 110 , 61 , 294 , 59 , 131 , 60 , 237 , 156 , 129 , 246 , 194 , 134 , 197 , 4 , 304 , 298 , 280 , 170 , 168 , 99 , 169 , 250 , 99 , 0 , 111 , 167 , 280 , 303 , 217 , 97 , 231 , 115 , 182 , 531 , 105 , 132 , 259 , 
RegressionTest0::test59 , 672 , 515 , 620 , 579 , 566 , 553 , 712 , 716 , 680 , 569 , 473 , 126 , 482 , 472 , 479 , 973 , 972 , 2906 , 777 , 237 , 975 , 1269 , 431 , 8059 , 1291 , 1649 , 185 , 2665 , 1819 , 353 , 1228 , 239 , 1461 , 1648 , 1183 , 239 , 6563 , 303 , 2403 , 281 , 74 , 6 , 2 , 366 , 3 , 97 , 346 , 100 , 154 , 100 , 281 , 242 , 160 , 274 , 235 , 201 , 253 , 112 , 356 , 347 , 364 , 99 , 99 , 56 , 98 , 295 , 56 , 111 , 0 , 98 , 363 , 356 , 275 , 57 , 271 , 175 , 239 , 479 , 77 , 162 , 309 , 
RegressionTest0::test60 , 628 , 483 , 579 , 540 , 527 , 520 , 668 , 669 , 634 , 530 , 438 , 125 , 436 , 437 , 431 , 1011 , 1010 , 2943 , 775 , 190 , 1011 , 1305 , 452 , 8106 , 1314 , 1687 , 197 , 2700 , 1843 , 353 , 1258 , 192 , 1478 , 1686 , 1211 , 189 , 6606 , 315 , 2450 , 324 , 127 , 101 , 99 , 403 , 98 , 159 , 386 , 160 , 229 , 159 , 326 , 288 , 234 , 342 , 278 , 244 , 264 , 170 , 393 , 389 , 403 , 4 , 2 , 111 , 3 , 335 , 111 , 167 , 98 , 0 , 401 , 394 , 316 , 109 , 316 , 222 , 280 , 430 , 130 , 234 , 351 , 
RegressionTest0::test61 , 950 , 781 , 890 , 822 , 789 , 768 , 988 , 995 , 945 , 805 , 739 , 415 , 748 , 738 , 746 , 854 , 854 , 2719 , 701 , 519 , 858 , 1113 , 381 , 7838 , 1149 , 1492 , 356 , 2481 , 1675 , 311 , 1065 , 519 , 1309 , 1492 , 1020 , 521 , 6348 , 443 , 2231 , 171 , 348 , 361 , 364 , 11 , 365 , 322 , 120 , 320 , 268 , 323 , 209 , 174 , 279 , 170 , 233 , 255 , 204 , 279 , 73 , 148 , 72 , 399 , 402 , 355 , 401 , 191 , 355 , 280 , 363 , 401 , 0 , 94 , 188 , 356 , 188 , 271 , 236 , 744 , 349 , 279 , 155 , 
RegressionTest0::test62 , 942 , 780 , 886 , 820 , 795 , 768 , 981 , 987 , 937 , 804 , 733 , 408 , 745 , 734 , 742 , 859 , 858 , 2725 , 705 , 508 , 859 , 1120 , 388 , 7833 , 1155 , 1502 , 354 , 2495 , 1681 , 315 , 1072 , 510 , 1313 , 1500 , 1014 , 508 , 6352 , 441 , 2240 , 156 , 340 , 357 , 357 , 95 , 356 , 282 , 130 , 279 , 253 , 281 , 213 , 211 , 275 , 151 , 211 , 259 , 204 , 305 , 42 , 103 , 103 , 396 , 395 , 348 , 396 , 200 , 349 , 303 , 356 , 394 , 94 , 0 , 169 , 347 , 179 , 265 , 199 , 741 , 339 , 279 , 163 , 
RegressionTest0::test63 , 866 , 710 , 812 , 754 , 732 , 706 , 912 , 916 , 875 , 745 , 666 , 328 , 675 , 667 , 673 , 890 , 893 , 2777 , 725 , 440 , 894 , 1167 , 377 , 7889 , 1182 , 1536 , 285 , 2545 , 1712 , 312 , 1117 , 442 , 1354 , 1534 , 1067 , 440 , 6402 , 368 , 2279 , 67 , 264 , 277 , 276 , 189 , 275 , 234 , 169 , 233 , 194 , 233 , 90 , 126 , 199 , 96 , 149 , 173 , 134 , 220 , 172 , 171 , 205 , 317 , 317 , 263 , 318 , 121 , 263 , 217 , 275 , 316 , 188 , 169 , 0 , 262 , 53 , 192 , 109 , 671 , 264 , 202 , 126 , 
RegressionTest0::test64 , 677 , 530 , 628 , 587 , 575 , 561 , 723 , 723 , 682 , 572 , 474 , 108 , 488 , 475 , 484 , 961 , 961 , 2900 , 757 , 224 , 963 , 1274 , 420 , 8050 , 1287 , 1652 , 186 , 2666 , 1816 , 346 , 1221 , 227 , 1455 , 1649 , 1179 , 225 , 6556 , 310 , 2406 , 272 , 55 , 59 , 58 , 357 , 57 , 100 , 338 , 102 , 175 , 99 , 273 , 231 , 183 , 288 , 230 , 160 , 240 , 100 , 348 , 337 , 356 , 112 , 110 , 7 , 111 , 284 , 6 , 97 , 57 , 109 , 356 , 347 , 262 , 0 , 268 , 167 , 223 , 483 , 53 , 180 , 267 , 
RegressionTest0::test65 , 866 , 708 , 810 , 745 , 730 , 711 , 906 , 913 , 865 , 743 , 662 , 326 , 672 , 664 , 663 , 895 , 895 , 2780 , 716 , 439 , 895 , 1166 , 377 , 7889 , 1184 , 1537 , 289 , 2541 , 1710 , 304 , 1119 , 438 , 1357 , 1536 , 1069 , 438 , 6406 , 357 , 2280 , 107 , 271 , 274 , 272 , 191 , 271 , 225 , 158 , 228 , 171 , 224 , 96 , 132 , 183 , 111 , 136 , 184 , 138 , 233 , 177 , 164 , 193 , 316 , 316 , 270 , 316 , 123 , 270 , 231 , 271 , 316 , 188 , 179 , 53 , 268 , 0 , 179 , 144 , 661 , 270 , 184 , 156 , 
RegressionTest0::test66 , 773 , 614 , 723 , 666 , 648 , 633 , 816 , 820 , 775 , 650 , 567 , 237 , 575 , 567 , 577 , 931 , 931 , 2840 , 736 , 345 , 934 , 1209 , 391 , 7966 , 1231 , 1587 , 185 , 2589 , 1771 , 317 , 1164 , 343 , 1400 , 1588 , 1123 , 346 , 6474 , 287 , 2324 , 191 , 173 , 175 , 175 , 278 , 176 , 120 , 249 , 121 , 60 , 120 , 178 , 135 , 53 , 217 , 128 , 108 , 151 , 113 , 262 , 252 , 272 , 219 , 222 , 165 , 221 , 166 , 165 , 115 , 175 , 222 , 271 , 265 , 192 , 167 , 179 , 0 , 146 , 575 , 172 , 54 , 224 , 
RegressionTest0::test67 , 829 , 675 , 776 , 714 , 688 , 671 , 870 , 876 , 827 , 696 , 629 , 291 , 637 , 629 , 628 , 905 , 908 , 2794 , 724 , 401 , 907 , 1182 , 387 , 7913 , 1204 , 1554 , 227 , 2558 , 1738 , 318 , 1134 , 399 , 1365 , 1552 , 1086 , 401 , 6425 , 321 , 2304 , 131 , 215 , 240 , 239 , 236 , 240 , 169 , 223 , 166 , 153 , 168 , 129 , 94 , 131 , 129 , 44 , 103 , 113 , 181 , 193 , 223 , 258 , 279 , 280 , 224 , 279 , 149 , 225 , 182 , 239 , 280 , 236 , 199 , 109 , 223 , 144 , 146 , 0 , 626 , 214 , 134 , 158 , 
RegressionTest0::test68 , 333 , 312 , 265 , 264 , 280 , 292 , 344 , 356 , 326 , 267 , 82 , 504 , 72 , 83 , 4 , 1341 , 1340 , 3246 , 1106 , 301 , 1343 , 1628 , 781 , 8436 , 1636 , 2003 , 526 , 3025 , 2179 , 687 , 1584 , 300 , 1803 , 2003 , 1529 , 301 , 6930 , 623 , 2761 , 677 , 481 , 481 , 479 , 746 , 479 , 523 , 732 , 525 , 582 , 524 , 674 , 634 , 579 , 689 , 626 , 586 , 643 , 532 , 738 , 732 , 746 , 431 , 430 , 483 , 430 , 682 , 483 , 531 , 479 , 430 , 744 , 741 , 671 , 483 , 661 , 575 , 626 , 0 , 481 , 580 , 697 , 
RegressionTest0::test69 , 686 , 538 , 634 , 593 , 573 , 563 , 726 , 733 , 686 , 566 , 490 , 150 , 490 , 491 , 483 , 957 , 958 , 2891 , 771 , 262 , 959 , 1270 , 422 , 8042 , 1283 , 1648 , 174 , 2660 , 1817 , 336 , 1206 , 261 , 1444 , 1648 , 1164 , 262 , 6548 , 276 , 2398 , 266 , 7 , 77 , 77 , 349 , 77 , 109 , 330 , 111 , 179 , 110 , 265 , 226 , 166 , 281 , 219 , 176 , 237 , 106 , 340 , 329 , 350 , 130 , 130 , 56 , 130 , 276 , 56 , 105 , 77 , 130 , 349 , 339 , 264 , 53 , 270 , 172 , 214 , 481 , 0 , 163 , 287 , 
RegressionTest0::test70 , 782 , 628 , 729 , 666 , 650 , 636 , 821 , 831 , 780 , 655 , 575 , 248 , 583 , 577 , 582 , 925 , 928 , 2835 , 730 , 357 , 928 , 1205 , 393 , 7961 , 1233 , 1578 , 183 , 2583 , 1767 , 320 , 1163 , 357 , 1400 , 1578 , 1119 , 358 , 6471 , 288 , 2323 , 203 , 164 , 160 , 162 , 279 , 161 , 137 , 249 , 136 , 40 , 136 , 169 , 147 , 8 , 172 , 112 , 93 , 163 , 132 , 266 , 245 , 275 , 235 , 234 , 183 , 235 , 181 , 182 , 132 , 162 , 234 , 279 , 279 , 202 , 180 , 184 , 54 , 134 , 580 , 163 , 0 , 211 , 
RegressionTest0::test71 , 902 , 735 , 845 , 779 , 746 , 712 , 940 , 948 , 894 , 761 , 692 , 334 , 703 , 692 , 697 , 856 , 857 , 2752 , 702 , 451 , 863 , 1141 , 356 , 7869 , 1173 , 1520 , 309 , 2515 , 1701 , 288 , 1092 , 451 , 1334 , 1518 , 1037 , 451 , 6386 , 387 , 2251 , 106 , 289 , 310 , 310 , 154 , 310 , 272 , 185 , 274 , 213 , 274 , 109 , 143 , 213 , 100 , 166 , 161 , 119 , 259 , 179 , 161 , 157 , 351 , 351 , 268 , 351 , 95 , 268 , 259 , 309 , 351 , 155 , 163 , 126 , 267 , 156 , 224 , 158 , 697 , 287 , 211 , 0 , 
The time of execution of above matrix is :22063.77625465393
