:,BZip2CompressorInputStream_ESTest::test0,BZip2CompressorInputStream_ESTest::test1,BZip2CompressorInputStream_ESTest::test2,BZip2CompressorInputStream_ESTest::test3,BZip2CompressorInputStream_ESTest::test4,BZip2CompressorInputStream_ESTest::test5,BZip2CompressorInputStream_ESTest::test6,BZip2CompressorInputStream_ESTest::test7,PythonTruncatedBzip2Test::testPartialReadTruncatedData,PythonTruncatedBzip2Test::testTruncatedData,RegressionTest0::test01,RegressionTest0::test02,RegressionTest0::test03,RegressionTest0::test04,RegressionTest0::test05,RegressionTest0::test06,RegressionTest0::test07,RegressionTest0::test08,RegressionTest0::test09,RegressionTest0::test10,RegressionTest0::test11,RegressionTest0::test12,RegressionTest0::test13,RegressionTest0::test14,RegressionTest0::test15,RegressionTest0::test16,RegressionTest0::test17,RegressionTest0::test18,RegressionTest0::test19,RegressionTest0::test20,RegressionTest0::test21,RegressionTest0::test22,RegressionTest0::test23,RegressionTest0::test24,RegressionTest0::test25,RegressionTest0::test26,RegressionTest0::test27,RegressionTest0::test28,RegressionTest0::test29,RegressionTest0::test30,RegressionTest0::test31,RegressionTest0::test32,RegressionTest0::test33,RegressionTest0::test34,RegressionTest0::test35,RegressionTest0::test36,RegressionTest0::test37,RegressionTest0::test38,RegressionTest0::test39,RegressionTest0::test40,RegressionTest0::test41,RegressionTest0::test42,RegressionTest0::test43,RegressionTest0::test44,RegressionTest0::test45,RegressionTest0::test46,RegressionTest0::test47,RegressionTest0::test48,RegressionTest0::test49,RegressionTest0::test50,RegressionTest0::test51,RegressionTest0::test52,RegressionTest0::test53,RegressionTest0::test54,RegressionTest0::test55,RegressionTest0::test56,RegressionTest0::test57,RegressionTest0::test58,RegressionTest0::test59,RegressionTest0::test60,RegressionTest0::test61,RegressionTest0::test62,RegressionTest0::test63,RegressionTest0::test64,RegressionTest0::test65,RegressionTest0::test66,RegressionTest0::test67,RegressionTest0::test68,RegressionTest0::test69,RegressionTest0::test70,RegressionTest0::test71,
BZip2CompressorInputStream_ESTest::test0 ,0,4,8,12,5,4,9,14,4,3,6,12,5,6,6,16,16,30,18,9,14,15,11,58,21,20,11,26,18,12,18,9,18,20,14,9,51,14,26,34,18,16,16,41,16,20,39,20,26,20,34,31,26,36,30,27,32,21,40,39,41,12,12,17,12,35,17,21,16,12,41,40,33,17,33,25,30,6,18,26,37,
BZip2CompressorInputStream_ESTest::test1 ,4,0,5,9,4,4,7,12,6,6,6,9,5,6,7,14,14,28,14,9,12,13,9,56,19,18,9,24,16,10,16,9,16,18,12,9,49,11,24,30,14,12,12,37,12,16,35,16,22,16,30,27,22,32,26,23,28,17,36,35,37,9,9,13,9,31,13,17,12,9,37,36,29,13,29,21,26,7,14,22,33,
BZip2CompressorInputStream_ESTest::test2 ,8,5,0,5,7,6,4,8,9,10,7,10,6,7,8,14,14,27,13,9,12,13,10,54,18,17,10,23,16,11,16,9,16,17,12,9,48,11,24,27,12,12,12,34,12,15,32,15,19,15,27,24,19,29,23,20,25,14,33,32,34,10,10,11,10,28,11,14,12,10,34,33,26,11,27,18,23,8,12,19,30,
BZip2CompressorInputStream_ESTest::test3 ,12,9,5,0,9,11,5,3,12,14,12,13,11,12,12,15,15,28,15,12,14,15,13,54,19,18,12,24,17,12,17,13,17,18,14,13,48,13,24,25,14,15,15,32,15,15,31,15,19,15,27,22,19,27,23,19,23,14,31,31,33,13,13,15,13,27,15,14,15,13,32,31,25,15,26,18,22,12,14,19,28,
BZip2CompressorInputStream_ESTest::test4 ,5,4,7,9,0,3,4,9,5,5,8,11,7,8,7,16,16,31,16,11,15,16,12,58,21,21,11,26,19,12,18,11,19,21,15,11,52,12,27,32,16,15,15,39,15,18,37,18,24,18,32,29,24,34,28,25,30,18,38,37,39,11,11,15,11,33,15,18,15,11,39,38,31,15,31,23,28,7,16,24,35,
BZip2CompressorInputStream_ESTest::test5 ,4,4,6,11,3,0,6,11,4,4,6,9,6,7,7,15,15,30,15,9,13,14,10,57,20,19,10,25,17,11,17,9,17,19,13,9,51,11,26,31,15,13,13,38,13,17,36,17,23,17,31,28,23,33,27,24,29,18,37,36,38,9,9,14,9,32,14,18,13,9,38,37,30,14,30,22,27,7,15,23,34,
BZip2CompressorInputStream_ESTest::test6 ,9,7,4,5,4,6,0,5,8,9,8,11,8,8,7,16,16,30,15,11,14,15,12,57,21,20,11,26,18,12,18,11,18,20,14,11,50,12,27,29,13,14,14,36,14,16,34,16,21,16,29,26,21,31,25,22,27,16,35,34,36,12,11,13,12,30,13,16,14,11,36,35,29,13,29,21,25,7,13,21,32,
BZip2CompressorInputStream_ESTest::test7 ,14,12,8,3,9,11,5,0,11,13,13,13,13,13,12,16,16,30,15,12,15,16,13,56,20,19,12,25,18,12,18,13,18,20,15,13,50,13,26,27,14,16,15,33,16,16,32,16,20,16,27,23,20,28,24,19,24,15,32,33,34,13,13,15,13,28,15,15,15,13,33,32,27,15,27,20,23,12,14,20,29,
PythonTruncatedBzip2Test::testPartialReadTruncatedData ,4,6,9,12,5,4,8,11,0,3,6,10,5,6,6,14,14,29,16,8,12,13,9,56,19,18,9,24,16,10,16,8,16,18,12,8,50,12,25,32,16,14,14,39,14,18,37,18,24,18,32,29,24,34,28,25,30,19,38,37,39,10,10,15,10,33,15,19,14,10,39,38,31,15,31,23,28,6,16,24,35,
PythonTruncatedBzip2Test::testTruncatedData ,3,6,10,14,5,4,9,13,3,0,7,12,6,7,7,16,16,31,18,10,14,15,11,58,21,20,11,26,18,12,18,10,18,20,14,10,52,14,27,34,18,16,16,41,16,20,39,20,26,20,34,31,26,36,30,27,32,21,40,39,41,12,12,17,12,35,17,21,16,12,41,40,33,17,33,25,30,7,18,26,37,
RegressionTest0::test01 ,6,6,7,12,8,6,8,13,6,7,0,6,1,1,2,10,10,24,12,3,8,9,5,52,15,14,5,20,12,6,12,3,12,14,8,3,45,8,20,28,12,10,10,35,10,14,33,14,20,14,28,25,20,30,24,21,26,15,34,33,35,6,6,11,6,29,11,15,10,6,35,34,27,11,27,19,24,2,12,20,31,
RegressionTest0::test02 ,12,9,10,13,11,9,11,13,10,12,6,0,7,6,8,7,7,21,6,4,5,5,4,48,11,10,4,16,8,4,10,4,8,10,5,3,42,3,17,23,7,5,5,30,5,9,28,9,15,9,23,20,15,25,19,16,21,10,29,28,30,1,0,6,1,24,6,10,5,0,30,29,22,6,22,14,19,8,7,15,26,
RegressionTest0::test03 ,5,5,6,11,7,6,8,13,5,6,1,7,0,1,2,11,11,25,13,4,9,10,6,53,16,15,6,21,13,7,13,4,13,15,9,4,46,9,21,29,13,11,11,36,11,15,34,15,21,15,29,26,21,31,25,22,27,16,35,34,36,7,7,12,7,30,12,16,11,7,36,35,28,12,28,20,25,2,13,21,32,
RegressionTest0::test04 ,6,6,7,12,8,7,8,13,6,7,1,6,1,0,2,10,10,24,12,3,8,9,5,52,15,14,5,20,12,6,12,3,12,14,8,3,45,8,20,28,12,10,10,35,10,14,33,14,20,14,28,25,20,30,24,21,26,15,34,33,35,6,6,11,6,29,11,15,10,6,35,34,27,11,27,19,24,2,12,20,31,
RegressionTest0::test05 ,6,7,8,12,7,7,7,12,6,7,2,8,2,2,0,11,11,26,13,5,10,11,7,53,16,16,6,21,14,7,13,5,14,16,10,5,46,9,21,29,13,12,12,36,12,16,34,16,21,16,29,26,21,31,25,22,27,16,35,34,36,8,8,12,8,30,12,16,12,8,36,35,28,12,28,20,25,1,13,21,32,
RegressionTest0::test06 ,16,14,14,15,16,15,16,16,14,16,10,7,11,10,11,0,1,16,4,7,2,2,5,43,6,6,6,11,4,5,7,8,4,6,2,7,37,8,12,20,9,7,7,27,6,9,25,9,13,9,20,18,15,23,18,14,19,9,26,25,28,8,7,8,7,21,8,8,7,7,29,26,18,7,21,13,16,11,8,13,24,
RegressionTest0::test07 ,16,14,14,15,16,15,16,16,14,16,10,7,11,10,11,1,0,16,5,7,2,2,5,43,6,6,6,11,4,5,7,8,4,6,2,7,37,8,12,20,9,7,7,28,6,9,25,9,14,9,21,19,15,24,18,15,20,9,26,26,28,8,7,8,7,22,8,8,7,7,29,27,19,7,21,13,17,11,9,14,25,
RegressionTest0::test08 ,30,28,27,28,31,30,30,30,29,31,24,21,25,24,26,16,16,0,18,21,17,16,20,31,12,13,21,9,13,20,17,22,13,12,17,21,24,22,8,19,21,21,19,23,19,18,23,18,19,19,18,17,20,22,20,18,19,18,24,24,24,22,21,21,21,20,21,17,19,21,24,25,18,20,18,19,18,26,21,19,21,
RegressionTest0::test09 ,18,14,13,15,16,15,15,15,16,18,12,6,13,12,13,4,5,18,0,9,6,5,8,44,8,6,9,13,5,9,10,10,5,7,6,9,38,6,14,18,7,7,7,25,6,7,23,7,11,7,18,16,13,21,16,12,17,7,24,23,26,7,6,7,6,19,7,6,7,6,27,24,16,5,19,11,14,13,6,11,22,
RegressionTest0::test10 ,9,9,9,12,11,9,11,12,8,10,3,4,4,3,5,7,7,21,9,0,5,6,2,49,12,11,3,17,9,4,10,1,9,11,5,1,42,5,17,25,10,8,7,32,8,11,30,11,17,11,25,22,17,27,21,18,23,12,31,30,32,4,4,9,3,26,9,12,7,4,32,31,24,9,24,16,21,5,10,17,28,
RegressionTest0::test11 ,14,12,12,14,15,13,14,15,12,14,8,5,9,8,10,2,2,17,6,5,0,1,3,44,7,6,5,12,4,4,7,6,4,6,0,5,38,6,13,21,8,6,6,29,5,8,26,9,14,8,22,20,15,25,18,16,20,10,27,27,29,6,5,7,5,23,7,9,6,5,30,28,20,6,21,14,18,10,8,14,25,
RegressionTest0::test12 ,15,13,13,15,16,14,15,16,13,15,9,5,10,9,11,2,2,16,5,6,1,0,4,43,6,5,6,11,3,5,7,7,3,5,1,6,37,6,12,20,8,6,6,29,5,8,25,9,14,8,22,20,15,25,18,16,20,10,27,27,29,6,5,7,5,23,7,9,6,5,30,28,20,6,20,13,18,11,8,14,25,
RegressionTest0::test13 ,11,9,10,13,12,10,12,13,9,11,5,4,6,5,7,5,5,20,8,2,3,4,0,47,10,9,2,15,7,2,8,3,7,9,3,3,41,5,16,23,9,7,6,30,7,10,29,10,16,10,24,21,16,26,20,17,22,11,29,28,31,4,4,8,3,25,8,11,6,4,30,30,23,8,23,15,20,7,9,16,27,
RegressionTest0::test14 ,58,56,54,54,58,57,57,56,56,58,52,48,53,52,53,43,43,31,44,49,44,43,47,0,39,39,47,33,40,47,43,50,40,38,44,49,11,47,34,38,47,47,45,40,45,43,38,44,43,44,40,41,44,40,41,43,42,44,39,40,42,49,48,47,48,41,47,43,45,48,42,40,39,46,39,43,41,53,47,44,41,
RegressionTest0::test15 ,21,19,18,19,21,20,21,20,19,21,15,11,16,15,16,6,6,12,8,12,7,6,10,39,0,2,11,6,3,10,10,12,3,3,7,12,32,12,9,17,11,11,9,26,9,10,23,10,15,10,19,17,16,22,17,14,19,11,23,25,27,12,11,11,11,21,11,10,9,11,26,25,18,10,18,14,16,16,11,14,23,
RegressionTest0::test16 ,20,18,17,18,21,19,20,19,18,20,14,10,15,14,16,6,6,13,6,11,6,5,9,39,2,0,11,8,2,10,9,11,2,2,6,11,32,10,9,19,10,10,8,27,8,9,24,9,14,9,20,18,15,23,17,15,19,10,25,25,28,11,10,10,10,21,10,9,8,10,28,26,18,9,17,12,16,16,10,13,25,
RegressionTest0::test17 ,11,9,10,12,11,10,11,12,9,11,5,4,6,5,6,6,6,21,9,3,5,6,2,47,11,11,0,16,9,2,8,3,9,11,5,3,41,5,17,24,8,7,7,31,7,11,29,11,16,11,24,21,16,26,20,17,22,11,30,29,31,4,4,7,4,25,7,11,7,4,31,30,23,7,23,15,20,6,8,16,27,
RegressionTest0::test18 ,26,24,23,24,26,25,26,25,24,26,20,16,21,20,21,11,11,9,13,17,12,11,15,33,6,8,16,0,8,15,12,18,8,7,12,17,27,16,4,19,15,16,14,24,14,13,22,14,15,14,19,16,15,23,17,16,18,13,23,24,25,17,16,15,16,20,15,12,14,16,24,23,19,15,19,14,17,21,16,15,21,
RegressionTest0::test19 ,18,16,16,17,19,17,18,18,16,18,12,8,13,12,14,4,4,13,5,9,4,3,7,40,3,2,9,8,0,8,7,10,0,2,4,9,34,9,9,18,9,9,7,27,7,8,24,8,13,8,20,18,14,23,17,15,19,9,25,25,28,9,8,9,8,21,9,8,7,8,28,26,18,8,19,12,16,14,9,13,24,
RegressionTest0::test20 ,12,10,11,12,12,11,12,12,10,12,6,4,7,6,7,5,5,20,9,4,4,5,2,47,10,10,2,15,8,0,7,4,8,10,4,4,41,5,16,24,8,7,7,30,7,11,28,11,16,11,23,21,16,25,20,17,22,11,29,28,30,4,4,7,4,24,7,11,7,4,30,29,23,7,22,15,20,7,8,16,26,
RegressionTest0::test21 ,18,16,16,17,18,17,18,18,16,18,12,10,13,12,13,7,7,17,10,10,7,7,8,43,10,9,8,12,7,7,0,9,7,9,7,10,37,9,12,22,8,8,9,28,9,10,25,10,15,9,21,19,13,23,17,15,20,11,27,25,27,9,10,9,10,21,9,11,9,10,28,26,20,9,20,14,17,12,8,14,24,
RegressionTest0::test22 ,9,9,9,13,11,9,11,13,8,10,3,4,4,3,5,8,8,22,10,1,6,7,3,50,12,11,3,18,10,4,9,0,10,12,6,1,42,6,18,26,10,7,8,33,8,12,30,11,18,11,25,23,17,28,21,19,24,12,32,30,32,3,4,8,4,26,8,13,8,4,32,31,24,9,24,16,21,5,10,17,29,
RegressionTest0::test23 ,18,16,16,17,19,17,18,18,16,18,12,8,13,12,14,4,4,13,5,9,4,3,7,40,3,2,9,8,0,8,7,10,0,2,4,9,34,9,9,18,9,9,7,27,7,8,24,8,13,8,20,18,14,23,17,15,19,9,25,25,28,9,8,9,8,21,9,8,7,8,28,26,18,8,19,12,16,14,9,13,24,
RegressionTest0::test24 ,20,18,17,18,21,19,20,20,18,20,14,10,15,14,16,6,6,12,7,11,6,5,9,38,3,2,11,7,2,10,9,12,2,0,6,11,32,10,8,18,10,10,8,27,8,9,24,9,13,9,20,18,14,23,17,15,19,10,25,25,28,11,10,10,10,21,10,9,8,10,28,26,18,9,18,13,16,16,10,14,24,
RegressionTest0::test25 ,14,12,12,14,15,13,14,15,12,14,8,5,9,8,10,2,2,17,6,5,0,1,3,44,7,6,5,12,4,4,7,6,4,6,0,5,38,6,13,21,8,6,6,29,5,8,26,9,14,8,22,20,15,25,18,16,20,10,27,27,29,6,5,7,5,23,7,9,6,5,30,28,20,6,21,14,18,10,8,14,25,
RegressionTest0::test26 ,9,9,9,13,11,9,11,13,8,10,3,3,4,3,5,7,7,21,9,1,5,6,3,49,12,11,3,17,9,4,10,1,9,11,5,0,42,6,17,25,9,7,7,32,7,11,30,11,17,11,25,22,17,27,21,18,23,12,31,30,32,4,3,8,4,26,8,12,7,3,32,31,24,8,24,16,21,5,9,17,28,
RegressionTest0::test27 ,51,49,48,48,52,51,50,50,50,52,45,42,46,45,46,37,37,24,38,42,38,37,41,11,32,32,41,27,34,41,37,42,34,32,38,42,0,41,28,34,40,41,39,35,39,37,34,37,37,38,34,35,38,35,36,37,36,38,34,35,35,42,42,40,42,34,40,37,39,42,36,35,33,40,34,37,35,46,40,37,35,
RegressionTest0::test28 ,14,11,11,13,12,11,12,13,12,14,8,3,9,8,9,8,8,22,6,5,6,6,5,47,12,10,5,16,9,5,9,6,9,10,6,6,41,0,17,22,6,6,6,29,6,9,26,9,14,9,22,18,13,23,17,15,19,9,28,26,28,3,3,5,2,23,5,9,6,3,28,27,22,6,20,12,17,9,7,14,24,
RegressionTest0::test29 ,26,24,24,24,27,26,27,26,25,27,20,17,21,20,21,12,12,8,14,17,13,12,16,34,9,9,17,4,9,16,12,18,9,8,13,17,28,17,0,19,16,16,14,25,14,14,23,15,15,15,19,17,16,23,17,17,18,16,24,24,26,18,17,16,17,20,16,15,14,17,26,24,19,15,18,15,17,21,16,15,23,
RegressionTest0::test30 ,34,30,27,25,32,31,29,27,32,34,28,23,29,28,29,20,20,19,18,25,21,20,23,38,17,19,24,19,18,24,22,26,18,18,21,25,34,22,19,0,18,21,19,11,19,16,14,17,13,17,10,10,14,7,13,12,11,15,8,14,14,24,23,19,23,11,19,14,19,23,12,12,5,18,8,14,10,29,19,13,8,
RegressionTest0::test31 ,18,14,12,14,16,15,13,14,16,18,12,7,13,12,13,9,9,21,7,10,8,8,9,47,11,10,8,15,9,8,8,10,9,10,8,9,40,6,16,18,0,4,4,26,4,8,22,8,11,8,19,14,10,19,13,12,15,6,24,23,24,8,7,2,8,20,2,6,4,7,24,24,19,3,18,10,14,13,2,11,20,
RegressionTest0::test32 ,16,12,12,15,15,13,14,16,14,16,10,5,11,10,12,7,7,21,7,8,6,6,7,47,11,10,7,16,9,7,8,7,9,10,6,7,41,6,16,21,4,0,2,28,2,7,25,6,13,6,20,18,12,23,16,14,19,7,27,24,27,5,5,2,6,21,2,8,2,5,26,26,18,3,19,11,16,12,4,12,24,
RegressionTest0::test33 ,16,12,12,15,15,13,14,15,14,16,10,5,11,10,12,7,7,19,7,7,6,6,6,45,9,8,7,14,7,7,9,8,7,8,6,7,39,6,14,19,4,2,0,27,1,5,24,6,12,5,20,17,12,22,16,13,18,7,25,24,27,6,5,3,5,21,3,7,0,5,27,26,18,3,18,10,15,12,4,12,23,
RegressionTest0::test34 ,41,37,34,32,39,38,36,33,39,41,35,30,36,35,36,27,28,23,25,32,29,29,30,40,26,27,31,24,27,30,28,33,27,27,29,32,35,29,25,11,26,28,27,0,27,24,10,23,17,24,16,16,19,11,17,14,14,23,3,13,8,31,30,27,30,14,27,22,27,30,6,7,13,25,14,20,15,36,25,18,11,
RegressionTest0::test35 ,16,12,12,15,15,13,14,16,14,16,10,5,11,10,12,6,6,19,6,8,5,5,7,45,9,8,7,14,7,7,9,8,7,8,5,7,39,6,14,19,4,2,1,27,0,5,24,7,12,5,20,18,13,23,16,14,18,8,25,24,27,6,5,3,6,20,3,7,1,5,28,26,18,2,18,11,16,12,4,12,23,
RegressionTest0::test36 ,20,16,15,15,18,17,16,16,18,20,14,9,15,14,16,9,9,18,7,11,8,8,10,43,10,9,11,13,8,11,10,12,8,9,8,11,37,9,14,16,8,7,5,24,5,0,20,2,10,2,17,14,10,19,13,11,16,4,22,21,25,10,9,7,9,18,7,4,5,9,24,23,15,7,15,7,12,16,8,9,20,
RegressionTest0::test37 ,39,35,32,31,37,36,34,32,37,39,33,28,34,33,34,25,25,23,23,30,26,25,29,38,23,24,29,22,24,28,25,30,24,24,26,30,34,26,23,14,22,25,24,10,24,20,0,22,16,20,11,14,15,15,16,19,15,20,8,8,9,28,28,23,28,13,23,20,24,28,10,11,12,24,9,14,15,34,24,16,14,
RegressionTest0::test38 ,20,16,15,15,18,17,16,16,18,20,14,9,15,14,16,9,9,18,7,11,9,9,10,44,10,9,11,14,8,11,10,11,8,9,9,11,37,9,15,17,8,6,6,23,7,2,22,0,10,3,17,13,10,18,14,10,16,3,22,21,25,9,9,7,9,18,7,3,6,9,24,22,16,7,15,8,13,16,8,9,21,
RegressionTest0::test39 ,26,22,19,19,24,23,21,20,24,26,20,15,21,20,21,13,14,19,11,17,14,14,16,43,15,14,16,15,13,16,15,18,13,13,14,17,37,14,15,13,11,13,12,17,12,10,16,10,0,9,11,10,5,14,9,6,9,10,16,16,16,16,15,12,15,11,12,9,12,15,20,16,14,10,12,5,12,21,10,5,14,
RegressionTest0::test40 ,20,16,15,15,18,17,16,16,18,20,14,9,15,14,16,9,9,19,7,11,8,8,10,44,10,9,11,14,8,11,9,11,8,9,8,11,38,9,15,17,8,6,5,24,5,2,20,3,9,0,16,15,9,20,12,11,15,4,22,22,23,9,9,7,9,18,7,3,5,9,24,22,14,6,14,8,13,16,8,9,20,
RegressionTest0::test41 ,34,30,27,27,32,31,29,27,32,34,28,23,29,28,29,20,21,18,18,25,22,22,24,40,19,20,24,19,20,23,21,25,20,20,22,25,34,22,19,10,19,20,20,16,20,17,11,17,11,16,0,12,11,10,10,14,12,17,15,12,14,23,23,19,23,5,19,16,20,23,16,16,7,18,8,13,10,29,18,11,7,
RegressionTest0::test42 ,31,27,24,22,29,28,26,23,29,31,25,20,26,25,26,18,19,17,16,22,20,20,21,41,17,18,21,16,18,21,19,23,18,18,20,22,35,18,17,10,14,18,17,16,18,14,14,13,10,15,12,0,9,10,10,10,4,13,16,14,16,21,20,16,20,13,16,13,17,20,15,14,10,16,10,9,7,26,15,10,10,
RegressionTest0::test43 ,26,22,19,19,24,23,21,20,24,26,20,15,21,20,21,15,15,20,13,17,15,15,16,44,16,15,16,15,14,16,13,17,14,14,15,17,38,13,16,14,10,12,12,19,13,10,15,10,5,9,11,9,0,15,8,6,11,9,18,17,16,15,15,10,15,14,10,9,12,15,19,18,14,12,14,4,10,21,11,3,14,
RegressionTest0::test44 ,36,32,29,27,34,33,31,28,34,36,30,25,31,30,31,23,24,22,21,27,25,25,26,40,22,23,26,23,23,25,23,28,23,23,25,27,35,23,23,7,19,23,22,11,23,19,15,18,14,20,10,10,15,0,12,11,11,18,11,14,13,26,25,21,25,11,21,18,22,25,13,9,8,21,7,17,10,31,20,15,7,
RegressionTest0::test45 ,30,26,23,23,28,27,25,24,28,30,24,19,25,24,25,18,18,20,16,21,18,18,20,41,17,17,20,17,17,20,17,21,17,17,18,21,36,17,17,13,13,16,16,17,16,13,16,14,9,12,10,10,8,12,0,10,8,13,17,15,15,19,19,15,19,10,15,13,16,19,14,17,12,15,9,10,6,25,15,9,11,
RegressionTest0::test46 ,27,23,20,19,25,24,22,19,25,27,21,16,22,21,22,14,15,18,12,18,16,16,17,43,14,15,17,16,15,17,15,19,15,15,16,18,37,15,17,12,12,14,13,14,14,11,19,10,6,11,14,10,6,11,10,0,9,9,14,18,18,17,16,13,16,14,13,9,13,16,18,14,12,12,14,8,8,22,11,6,13,
RegressionTest0::test47 ,32,28,25,23,30,29,27,24,30,32,26,21,27,26,27,19,20,19,17,23,20,20,22,42,19,19,22,18,19,22,20,24,19,19,20,23,36,19,18,11,15,19,18,14,18,16,15,16,9,15,12,4,11,11,8,9,0,15,16,15,15,22,21,17,21,11,17,14,18,21,15,14,10,16,11,12,8,27,16,10,8,
RegressionTest0::test48 ,21,17,14,14,18,18,16,15,19,21,15,10,16,15,16,9,9,18,7,12,10,10,11,44,11,10,11,13,9,11,11,12,9,10,10,12,38,9,16,15,6,7,7,23,8,4,20,3,10,4,17,13,9,18,13,9,15,0,21,22,23,10,10,5,10,19,5,1,7,10,21,21,14,7,16,6,12,16,7,10,20,
RegressionTest0::test49 ,40,36,33,31,38,37,35,32,38,40,34,29,35,34,35,26,26,24,24,31,27,27,29,39,23,25,30,23,25,29,27,32,25,25,27,31,34,28,24,8,24,27,25,3,25,22,8,22,16,22,15,16,18,11,17,14,16,21,0,11,10,30,29,25,29,16,25,20,25,29,6,7,13,24,13,19,15,35,24,17,13,
RegressionTest0::test50 ,39,35,32,31,37,36,34,33,37,39,33,28,34,33,34,25,26,24,23,30,27,27,28,40,25,25,29,24,25,28,25,30,25,25,27,30,35,26,24,14,23,24,24,13,24,21,8,21,16,22,12,14,17,14,15,18,15,22,11,0,7,28,28,23,28,11,23,22,24,28,13,9,14,23,12,17,16,34,23,14,16,
RegressionTest0::test51 ,41,37,34,33,39,38,36,34,39,41,35,30,36,35,36,28,28,24,26,32,29,29,31,42,27,28,31,25,28,30,27,32,28,28,29,32,35,28,26,14,24,27,27,8,27,25,9,25,16,23,14,16,16,13,15,18,15,23,10,7,0,30,30,25,30,13,25,23,27,30,11,8,15,25,13,18,18,36,25,18,12,
RegressionTest0::test52 ,12,9,10,13,11,9,12,13,10,12,6,1,7,6,8,8,8,22,7,4,6,6,4,49,12,11,4,17,9,4,9,3,9,11,6,4,42,3,18,24,8,5,6,31,6,10,28,9,16,9,23,21,15,26,19,17,22,10,30,28,30,0,1,6,1,24,6,11,6,1,30,29,22,7,22,14,19,8,8,15,27,
RegressionTest0::test53 ,12,9,10,13,11,9,11,13,10,12,6,0,7,6,8,7,7,21,6,4,5,5,4,48,11,10,4,16,8,4,10,4,8,10,5,3,42,3,17,23,7,5,5,30,5,9,28,9,15,9,23,20,15,25,19,16,21,10,29,28,30,1,0,6,1,24,6,10,5,0,30,29,22,6,22,14,19,8,7,15,26,
RegressionTest0::test54 ,17,13,11,15,15,14,13,15,15,17,11,6,12,11,12,8,8,21,7,9,7,7,8,47,11,10,7,15,9,7,9,8,9,10,7,8,40,5,16,19,2,2,3,27,3,7,23,7,12,7,19,16,10,21,15,13,17,5,25,23,25,6,6,0,7,21,0,6,3,6,25,24,18,2,18,9,15,12,3,12,22,
RegressionTest0::test55 ,12,9,10,13,11,9,12,13,10,12,6,1,7,6,8,7,7,21,6,3,5,5,3,48,11,10,4,16,8,4,10,4,8,10,5,4,42,2,17,23,8,6,5,30,6,9,28,9,15,9,23,20,15,25,19,16,21,10,29,28,30,1,1,7,0,24,7,10,5,1,30,29,22,7,22,14,19,8,8,15,26,
RegressionTest0::test56 ,35,31,28,27,33,32,30,28,33,35,29,24,30,29,30,21,22,20,19,26,23,23,25,41,21,21,25,20,21,24,21,26,21,21,23,26,34,23,20,11,20,21,21,14,20,18,13,18,11,18,5,13,14,11,10,14,11,19,16,11,13,24,24,21,24,0,21,18,21,24,15,17,10,19,10,15,13,29,19,11,7,
RegressionTest0::test57 ,17,13,11,15,15,14,13,15,15,17,11,6,12,11,12,8,8,21,7,9,7,7,8,47,11,10,7,15,9,7,9,8,9,10,7,8,40,5,16,19,2,2,3,27,3,7,23,7,12,7,19,16,10,21,15,13,17,5,25,23,25,6,6,0,7,21,0,6,3,6,25,24,18,2,18,9,15,12,3,12,22,
RegressionTest0::test58 ,21,17,14,14,18,18,16,15,19,21,15,10,16,15,16,8,8,17,6,12,9,9,11,43,10,9,11,12,8,11,11,13,8,9,9,12,37,9,15,14,6,8,7,22,7,4,20,3,9,3,16,13,9,18,13,9,14,1,20,22,23,11,10,6,10,18,6,0,7,10,22,21,14,6,15,7,12,16,7,10,19,
RegressionTest0::test59 ,16,12,12,15,15,13,14,15,14,16,10,5,11,10,12,7,7,19,7,7,6,6,6,45,9,8,7,14,7,7,9,8,7,8,6,7,39,6,14,19,4,2,0,27,1,5,24,6,12,5,20,17,12,22,16,13,18,7,25,24,27,6,5,3,5,21,3,7,0,5,27,26,18,3,18,10,15,12,4,12,23,
RegressionTest0::test60 ,12,9,10,13,11,9,11,13,10,12,6,0,7,6,8,7,7,21,6,4,5,5,4,48,11,10,4,16,8,4,10,4,8,10,5,3,42,3,17,23,7,5,5,30,5,9,28,9,15,9,23,20,15,25,19,16,21,10,29,28,30,1,0,6,1,24,6,10,5,0,30,29,22,6,22,14,19,8,7,15,26,
RegressionTest0::test61 ,41,37,34,32,39,38,36,33,39,41,35,30,36,35,36,29,29,24,27,32,30,30,30,42,26,28,31,24,28,30,28,32,28,28,30,32,36,28,26,12,24,26,27,6,28,24,10,24,20,24,16,15,19,13,14,18,15,21,6,13,11,30,30,25,30,15,25,22,27,30,0,9,15,27,13,18,15,36,26,20,12,
RegressionTest0::test62 ,40,36,33,31,38,37,35,32,38,40,34,29,35,34,35,26,27,25,24,31,28,28,30,40,25,26,30,23,26,29,26,31,26,26,28,31,35,27,24,12,24,26,26,7,26,23,11,22,16,22,16,14,18,9,17,14,14,21,7,9,8,29,29,24,29,17,24,21,26,29,9,0,11,24,12,18,15,35,24,19,13,
RegressionTest0::test63 ,33,29,26,25,31,30,29,27,31,33,27,22,28,27,28,18,19,18,16,24,20,20,23,39,18,18,23,19,18,23,20,24,18,18,20,24,33,22,19,5,19,18,18,13,18,15,12,16,14,14,7,10,14,8,12,12,10,14,13,14,15,22,22,18,22,10,18,14,18,22,15,11,0,17,6,13,6,28,18,15,9,
RegressionTest0::test64 ,17,13,11,15,15,14,13,15,15,17,11,6,12,11,12,7,7,20,5,9,6,6,8,46,10,9,7,15,8,7,9,9,8,9,6,8,40,6,15,18,3,3,3,25,2,7,24,7,10,6,18,16,12,21,15,12,16,7,24,23,25,7,6,2,7,19,2,6,3,6,27,24,17,0,18,11,14,12,2,10,21,
RegressionTest0::test65 ,33,29,27,26,31,30,29,27,31,33,27,22,28,27,28,21,21,18,19,24,21,20,23,39,18,17,23,19,19,22,20,24,19,18,21,24,34,20,18,8,18,19,18,14,18,15,9,15,12,14,8,10,14,7,9,14,11,16,13,12,13,22,22,18,22,10,18,15,18,22,13,12,6,18,0,13,9,28,19,14,12,
RegressionTest0::test66 ,25,21,18,18,23,22,21,20,23,25,19,14,20,19,20,13,13,19,11,16,14,13,15,43,14,12,15,14,12,15,14,16,12,13,14,16,37,12,15,14,10,11,10,20,11,7,14,8,5,8,13,9,4,17,10,8,12,6,19,17,18,14,14,9,14,15,9,7,10,14,18,18,13,11,13,0,11,20,11,5,16,
RegressionTest0::test67 ,30,26,23,22,28,27,25,23,28,30,24,19,25,24,25,16,17,18,14,21,18,18,20,41,16,16,20,17,16,20,17,21,16,16,18,21,35,17,17,10,14,16,15,15,16,12,15,13,12,13,10,7,10,10,6,8,8,12,15,16,18,19,19,15,19,13,15,12,15,19,15,15,6,14,9,11,0,25,14,11,12,
RegressionTest0::test68 ,6,7,8,12,7,7,7,12,6,7,2,8,2,2,1,11,11,26,13,5,10,11,7,53,16,16,6,21,14,7,12,5,14,16,10,5,46,9,21,29,13,12,12,36,12,16,34,16,21,16,29,26,21,31,25,22,27,16,35,34,36,8,8,12,8,29,12,16,12,8,36,35,28,12,28,20,25,0,13,21,32,
RegressionTest0::test69 ,18,14,12,14,16,15,13,14,16,18,12,7,13,12,13,8,9,21,6,10,8,8,9,47,11,10,8,16,9,8,8,10,9,10,8,9,40,7,16,19,2,4,4,25,4,8,24,8,10,8,18,15,11,20,15,11,16,7,24,23,25,8,7,3,8,19,3,7,4,7,26,24,18,2,19,11,14,13,0,10,21,
RegressionTest0::test70 ,26,22,19,19,24,23,21,20,24,26,20,15,21,20,21,13,14,19,11,17,14,14,16,44,14,13,16,15,13,16,14,17,13,14,14,17,37,14,15,13,11,12,12,18,12,9,16,9,5,9,11,10,3,15,9,6,10,10,17,14,18,15,15,12,15,11,12,10,12,15,20,19,15,10,14,5,11,21,10,0,15,
RegressionTest0::test71 ,37,33,30,28,35,34,32,29,35,37,31,26,32,31,32,24,25,21,22,28,25,25,27,41,23,25,27,21,24,26,24,29,24,24,25,28,35,24,23,8,20,24,23,11,23,20,14,21,14,20,7,10,14,7,11,13,8,20,13,16,12,27,26,22,26,7,22,19,23,26,12,13,9,21,12,16,12,32,21,15,0,
